Charley,F,9
Cliona,F,9
Enya,F,9
Freya,F,9
Jemma,F,9
Jody,F,9
Kathleen,F,9
Katy,F,9
Keira,F,9
Maia,F,9
Maya,F,9
Nadia,F,9
Nikita,F,9
Orlagh,F,9
Poppy,F,9
Rhea,F,9
Tegan,F,9
Ellen,F,86
Ella,F,85
Olivia,F,84
Holly,F,82
Shannon,F,80
Aoibhinn,F,8
Charlie,F,8
Ellie-Mae,F,8
Fiona,F,8
Isabella,F,8
Jude,F,8
Lana,F,8
Mackenzie,F,8
Shania,F,8
Stacey,F,8
Tierna,F,8
Trinity,F,8
Abbie,F,77
Caoimhe,F,74
Ciara,F,72
Eimear,F,72
Abbi,F,7
Aislinn,F,7
Amie,F,7
Annabel,F,7
Aoibhin,F,7
Ashleigh,F,7
Caroline,F,7
Daisy,F,7
Emer,F,7
Esther,F,7
Heather,F,7
Isabelle,F,7
Kacey,F,7
Kara,F,7
Maddison,F,7
Martha,F,7
Millie,F,7
Nicola,F,7
Rosa,F,7
Scarlett,F,7
Shona,F,7
Sienna,F,7
Susan,F,7
Tamzin,F,7
Tanya,F,7
Toni,F,7
Mia,F,68
Charlotte,F,66
Abigail,F,62
Alix,F,6
Amy-Lee,F,6
Andrea,F,6
Angel,F,6
Aoibh,F,6
Arianna,F,6
Bobbie,F,6
Carys,F,6
Ciarrai,F,6
Dara,F,6
Dervla,F,6
Eabha,F,6
Ebony,F,6
Eloise,F,6
Emilie,F,6
Fionnuala,F,6
Hayley,F,6
Iona,F,6
Jayne,F,6
Joanne,F,6
Jorja,F,6
Keeley,F,6
Keisha,F,6
Kelsie,F,6
Kyla,F,6
Leia,F,6
Leona,F,6
Lucia,F,6
Maebh,F,6
Mary-Kate,F,6
Meghan,F,6
Paris,F,6
Summer,F,6
Tammy,F,6
Tiana,F,6
Eva,F,59
Nicole,F,59
Laura,F,57
Jodie,F,53
Zoe,F,52
Courtney,F,50
Zara,F,50
Abbey,F,5
Alanah,F,5
Alison,F,5
Amelie,F,5
Ashley,F,5
Bailey,F,5
Billie,F,5
Blaithin,F,5
Blathnaid,F,5
Bonnie,F,5
Brogan,F,5
Caitriona,F,5
Carrie,F,5
Constance,F,5
Darcie,F,5
Demi-Leigh,F,5
Eadaoin,F,5
Eden,F,5
Eilis,F,5
Eireann,F,5
Eirinn,F,5
Emma-Louise,F,5
Francesca,F,5
Gracie,F,5
Honor,F,5
Imogen,F,5
Jamie,F,5
Josephine,F,5
Kaela,F,5
Karen,F,5
Keeva,F,5
Kerrie,F,5
Kirstin,F,5
Mairead,F,5
Marie,F,5
Melanie,F,5
Nikki,F,5
Nina,F,5
Riona,F,5
Seana,F,5
Siobhan,F,5
Una,F,5
Vicky,F,5
Eve,F,49
Rebekah,F,48
Louise,F,47
Catherine,F,46
Orla,F,43
Tara,F,43
Aine,F,41
Clodagh,F,41
Naomi,F,41
Aideen,F,4
Alexa,F,4
Ana,F,4
Anastasia,F,4
Angela,F,4
Annabelle,F,4
Arabella,F,4
Cadhla,F,4
Cait,F,4
Casie,F,4
Cate,F,4
Catriona,F,4
Charlize,F,4
Christine,F,4
Codie,F,4
Darcy,F,4
Demi-Lee,F,4
Erinn,F,4
Fay,F,4
Halle,F,4
Harriet,F,4
Heidi,F,4
Hope,F,4
Isobel,F,4
Judith,F,4
Judy,F,4
Julia,F,4
Julie,F,4
Katie-Leigh,F,4
Katlyn,F,4
Kellie,F,4
Kezia,F,4
Kirstyn,F,4
Laurie,F,4
Lauryn,F,4
Layla,F,4
Leanne,F,4
Maddie,F,4
Madeline,F,4
Marianne,F,4
Marissa,F,4
Matilda,F,4
Neamh,F,4
Oonagh,F,4
Reagan,F,4
Regan,F,4
Ria,F,4
Rosemary,F,4
Saffron,F,4
Seaneen,F,4
Serena,F,4
Siofra,F,4
Sofia,F,4
Stella,F,4
Tabitha,F,4
Xin,F,4
Beth,F,36
Bethany,F,36
Georgia,F,36
Alex,F,35
Madison,F,35
Alexandra,F,34
Cliodhna,F,32
Gemma,F,32
Hollie,F,32
Morgan,F,32
Sinead,F,32
Alice,F,31
Kirsty,F,31
Katie,F,307
Victoria,F,30
Aimee-Lee,F,3
Aisha,F,3
Alysha,F,3
Amanda,F,3
Antonia,F,3
Aobh,F,3
Aoibhe,F,3
April,F,3
Asha,F,3
Autumn,F,3
Becky,F,3
Billie-Jo,F,3
Broghan,F,3
Brona,F,3
Bronwyn,F,3
Caiomhe,F,3
Carmen,F,3
Carolyn,F,3
Catelyn,F,3
Cathy,F,3
Chardonnay,F,3
Cindy,F,3
Cody,F,3
Dearbhail,F,3
Deborah,F,3
Deirbhile,F,3
Donna,F,3
Drew,F,3
Edel,F,3
Elinor,F,3
Eliza,F,3
Ellie-Louise,F,3
Elyse,F,3
Emilia,F,3
Felicity,F,3
Frances,F,3
Gabriella,F,3
Gabrielle,F,3
Gina,F,3
Hallie,F,3
Hana,F,3
Isla,F,3
Jamie-Lee,F,3
Jean,F,3
Jena,F,3
Jersey,F,3
Jessie,F,3
Jill,F,3
Jordan,F,3
Joy,F,3
Karis,F,3
Kasey,F,3
Katharine,F,3
Katie-Lee,F,3
Keely,F,3
Keila,F,3
Kennedy,F,3
Kenzie,F,3
Keri,F,3
Kiana,F,3
Kieva,F,3
Kim,F,3
Kitty,F,3
Laoise,F,3
Larissa,F,3
Lea,F,3
Letitia,F,3
Lia,F,3
Lilli,F,3
Lola,F,3
Loren,F,3
Lori,F,3
Lucie,F,3
Macy,F,3
Maddy,F,3
Madeleine,F,3
Makenzie,F,3
Margaret,F,3
Maryam,F,3
Mckenzie,F,3
Meaghan,F,3
Miya,F,3
Monica,F,3
Moya,F,3
Nancy,F,3
Nia,F,3
Orlaigh,F,3
Paula,F,3
Philippa,F,3
Reanna,F,3
Rhian,F,3
Rhianne,F,3
Rianna,F,3
Rioghnach,F,3
Roma,F,3
Sarah-Jane,F,3
Shanice,F,3
Simone,F,3
Susannah,F,3
Suzanna,F,3
Suzannah,F,3
Tanisha,F,3
Teigan,F,3
Tess,F,3
Thea,F,3
Tiernagh,F,3
Tiffany,F,3
Toluwanimi,F,3
Tori-Lee,F,3
Brooke,F,29
Maria,F,29
Cora,F,28
Kathryn,F,28
Lily,F,28
Robyn,F,28
Bronagh,F,27
Faith,F,27
Emma,F,260
Amber,F,26
Katelyn,F,26
Lara,F,26
Lydia,F,26
Mary,F,26
Natasha,F,26
Chelsea,F,25
Elizabeth,F,25
Kate,F,25
Abby,F,24
Melissa,F,24
Rhianna,F,24
Kerry,F,23
Jenna,F,22
Sophie,F,217
Ellie,F,215
Annie,F,21
Kaitlin,F,21
Katherine,F,21
Maeve,F,21
Rachael,F,21
Shauna,F,20
Sophia,F,20
Amy,F,193
Aisling,F,19
Alicia,F,19
Aoibheann,F,19
Caitlyn,F,19
Claire,F,19
Faye,F,19
Jade,F,19
Mollie,F,19
Mya,F,19
Saoirse,F,19
Sarah,F,189
Niamh,F,187
Sorcha,F,18
Chloe,F,179
Aimee,F,175
Alana,F,17
Alisha,F,17
Christina,F,17
Evie,F,17
Jennifer,F,17
Meabh,F,17
Natalie,F,17
Paige,F,17
Rhiannon,F,17
Rachel,F,168
Caitlin,F,163
Hannah,F,160
Abi,F,16
Cerys,F,16
Dearbhla,F,16
Kiera,F,16
Ruth,F,16
Lucy,F,158
Casey,F,15
Colleen,F,15
Demi,F,15
Kaitlyn,F,15
Kayleigh,F,15
Sasha,F,15
Jessica,F,149
Anna,F,145
Aoife,F,145
Alanna,F,14
Clara,F,14
Danielle,F,14
Jane,F,14
Kelly,F,14
Kirsten,F,14
Michaela,F,14
Michelle,F,14
Orlaith,F,14
Sara,F,14
Taylor,F,14
Erin,F,136
Leah,F,135
Megan,F,134
Emily,F,131
Aaliyah,F,13
Alannah,F,13
Carla,F,13
Cassie,F,13
Connie,F,13
Elle,F,13
Lois,F,13
Nadine,F,13
Phoebe,F,13
Rose,F,13
Rosie,F,13
Tori,F,13
Grace,F,125
Ava,F,12
Jenny,F,12
Kerri,F,12
Naoise,F,12
Lauren,F,119
Rebecca,F,119
Cara,F,116
Molly,F,115
Amelia,F,11
Brianna,F,11
Carly,F,11
Chantelle,F,11
Elisha,F,11
Grainne,F,11
Jasmine,F,11
Lisa,F,11
Roise,F,11
Roisin,F,11
Ruby,F,11
Samantha,F,11
Sian,F,11
Skye,F,11
Alyssa,F,10
Caragh,F,10
Clare,F,10
Claudia,F,10
Eleanor,F,10
Elise,F,10
Helen,F,10
Joanna,F,10
Jodi,F,10
Kayla,F,10
Kelsey,F,10
Stephanie,F,10
Tia,F,10
Yasmin,F,10
