David,M,1761
John,M,1258
Paul,M,1230
James,M,1068
Andrew,M,1042
Steven,M,884
Scott,M,816
Mark,M,775
Robert,M,757
Christopher,M,747
Craig,M,705
Stuart,M,683
Kevin,M,676
Alan,M,661
Michael,M,659
Stephen,M,633
William,M,597
Colin,M,495
Brian,M,477
Neil,M,463
Richard,M,451
Ross,M,433
Thomas,M,407
Gary,M,406
Derek,M,394
Iain,M,379
Gordon,M,364
Graeme,M,363
Martin,M,352
Barry,M,342
Gavin,M,329
Ian,M,329
Kenneth,M,327
Alexander,M,322
Peter,M,308
Graham,M,265
Allan,M,241
Darren,M,238
Jamie,M,223
Simon,M,212
Lee,M,207
George,M,199
Keith,M,199
Stewart,M,191
Douglas,M,186
Jonathan,M,175
Matthew,M,168
Daniel,M,160
Grant,M,158
Joseph,M,155
Jason,M,148
Anthony,M,147
Ryan,M,141
Edward,M,140
Fraser,M,135
Donald,M,127
Charles,M,123
Garry,M,122
Duncan,M,120
Nicholas,M,116
Raymond,M,109
Alistair,M,105
Bryan,M,103
Philip,M,102
Alastair,M,101
Malcolm,M,95
Alasdair,M,87
Russell,M,86
Patrick,M,82
Euan,M,81
Ewan,M,81
Gareth,M,79
Bruce,M,77
Adam,M,74
Gerard,M,73
Greig,M,68
Marc,M,68
Sean,M,67
Robin,M,66
Ronald,M,64
Benjamin,M,63
Francis,M,62
Gregor,M,60
Greg,M,55
Hugh,M,55
Calum,M,50
Shaun,M,50
Cameron,M,47
Roderick,M,45
Angus,M,41
Gerald,M,41
Rory,M,40
Samuel,M,40
Wayne,M,39
Murray,M,38
Norman,M,37
Timothy,M,37
Dean,M,36
Martyn,M,34
Roy,M,33
Wesley,M,33
Liam,M,32
Aaron,M,31
Adrian,M,31
Justin,M,31
Eric,M,28
Ewen,M,28
Niall,M,28
Terence,M,28
Barrie,M,27
Antony,M,26
Gregg,M,25
Lewis,M,25
Callum,M,24
Owen,M,24
Jon,M,23
Campbell,M,22
Glen,M,22
Henry,M,22
Kris,M,22
Marcus,M,21
Mohammed,M,21
Phillip,M,21
Christian,M,20
Clark,M,20
Gregory,M,20
Jeffrey,M,20
Leslie,M,20
Ralph,M,20
Vincent,M,20
Alister,M,19
Dominic,M,19
Hamish,M,19
Kieran,M,19
Lindsay,M,19
Brendan,M,18
Damian,M,18
Terry,M,18
Trevor,M,18
Dale,M,17
Frank,M,17
Roger,M,17
Damien,M,16
Arthur,M,15
Blair,M,15
Fergus,M,15
Luke,M,15
Tom,M,15
Guy,M,14
Scot,M,14
Alisdair,M,13
Finlay,M,13
Harry,M,13
Magnus,M,13
Oliver,M,13
Shane,M,13
Brett,M,12
Geoffrey,M,12
Innes,M,12
Lawrence,M,12
Leon,M,12
Neill,M,12
Danny,M,11
Drew,M,11
Maurice,M,11
Mohammad,M,11
Nicol,M,11
Stefan,M,11
Ben,M,10
Bernard,M,10
Darran,M,10
Glenn,M,10
Karl,M,10
Kristian,M,10
Laurence,M,10
Leigh,M,10
Nathan,M,10
Nigel,M,10
Ronnie,M,10
Warren,M,10
Archibald,M,9
Billy,M,9
Crawford,M,9
Derrick,M,9
Desmond,M,9
Frazer,M,9
Marco,M,9
Murdo,M,9
Neal,M,9
Rodger,M,9
Stanley,M,9
Tony,M,9
Chris,M,8
Denis,M,8
Frederick,M,8
Jack,M,8
Myles,M,8
Nicky,M,8
Robbie,M,8
Rodney,M,8
Roland,M,8
Ruaraidh,M,8
Stephan,M,8
Daryl,M,7
Dennis,M,7
Ivan,M,7
Jay,M,7
Jeremy,M,7
Kieron,M,7
Kristopher,M,7
Leonard,M,7
Lorne,M,7
Morgan,M,7
Noel,M,7
Roddy,M,7
Steve,M,7
Albert,M,6
Allen,M,6
Arron,M,6
Brent,M,6
Clifford,M,6
Darrin,M,6
Edwin,M,6
Elliot,M,6
Evan,M,6
Ivor,M,6
Jaimie,M,6
Johnny,M,6
Laurie,M,6
Lloyd,M,6
Walter,M,6
Alun,M,5
Ashley,M,5
Atholl,M,5
Austen,M,5
Austin,M,5
Darryl,M,5
Dwayne,M,5
Erik,M,5
Forbes,M,5
Gerrard,M,5
Hector,M,5
Howard,M,5
Imran,M,5
Jonathon,M,5
Julian,M,5
Kyle,M,5
Maxwell,M,5
Melvin,M,5
Nathaniel,M,5
Omar,M,5
Sinclair,M,5
Tristan,M,5
Victor,M,5
Wai,M,5
Westley,M,5
Aidan,M,4
Alfred,M,4
Ali,M,4
Allister,M,4
Antonio,M,4
Bradley,M,4
Carl,M,4
Chun,M,4
Clint,M,4
Dylan,M,4
Eoin,M,4
Grahame,M,4
Jody,M,4
Kirk,M,4
Kristoffer,M,4
Lawrie,M,4
Leo,M,4
Mathew,M,4
Muhammad,M,4
Nicolas,M,4
Niki,M,4
Riccardo,M,4
Richie,M,4
Ricky,M,4
Ruairidh,M,4
Sidney,M,4
Tommy,M,4
Ahmed,M,3
Alec,M,3
Alex,M,3
Alyn,M,3
Archie,M,3
Benedict,M,3
Bryce,M,3
Carlo,M,3
Chi,M,3
Clarke,M,3
Clinton,M,3
Conrad,M,3
Darin,M,3
Daryll,M,3
Declan,M,3
Dereck,M,3
Deryck,M,3
Domenico,M,3
Don,M,3
Dougal,M,3
Edmund,M,3
Elliott,M,3
Ernest,M,3
Faisal,M,3
Gabriel,M,3
Gilbert,M,3
Hamilton,M,3
Haroon,M,3
Jacob,M,3
Jaime,M,3
Joel,M,3
Johnathan,M,3
Jordan,M,3
Ken,M,3
Kerr,M,3
Lachlan,M,3
Lyall,M,3
Marshall,M,3
Michal,M,3
Mustafa,M,3
Nadeem,M,3
Nial,M,3
Nikki,M,3
Quintin,M,3
Quinton,M,3
Rae,M,3
Ramsay,M,3
Ray,M,3
Rikki,M,3
Ritchie,M,3
Ronan,M,3
Rudi,M,3
Russel,M,3
Sam,M,3
Sandy,M,3
Sebastian,M,3
Shahid,M,3
Sohail,M,3
Struan,M,3
Tariq,M,3
Wilson,M,3
Adewale,M,2
Adriano,M,2
Aedan,M,2
Ahmad,M,2
Ajay,M,2
Ajaz,M,2
Amr,M,2
Andreas,M,2
Aron,M,2
Asif,M,2
Athar,M,2
Bashar,M,2
Brandon,M,2
Brodie,M,2
Calvin,M,2
Casey,M,2
Chad,M,2
Christipher,M,2
Christy,M,2
Clive,M,2
Corey,M,2
Cornelius,M,2
Crispin,M,2
Damion,M,2
Daren,M,2
Darrell,M,2
Darron,M,2
Darryn,M,2
Dax,M,2
Derick,M,2
Dermot,M,2
Deryk,M,2
Diarmid,M,2
Dirk,M,2
Duane,M,2
Eamon,M,2
Edgar,M,2
Eugene,M,2
Fahad,M,2
Francesco,M,2
Frankie,M,2
Geoff,M,2
Gian,M,2
Gillies,M,2
Giovanni,M,2
Herbert,M,2
Hugo,M,2
Hunter,M,2
Innis,M,2
Jai,M,2
Jared,M,2
Jerome,M,2
Joe,M,2
John-James,M,2
Jon-Paul,M,2
Joshua,M,2
Juan,M,2
Kai,M,2
Kam,M,2
Kamran,M,2
Keir,M,2
Kelly,M,2
Kenny,M,2
Kevan,M,2
Keven,M,2
Khalid,M,2
Lance,M,2
Laurent,M,2
Lorn,M,2
Louis,M,2
Ludovic,M,2
Luis,M,2
Mandeep,M,2
Marek,M,2
Mario,M,2
Max,M,2
Micah,M,2
Mikael,M,2
Mohamed,M,2
Moray,M,2
Nadeen,M,2
Nairn,M,2
Naveed,M,2
Oscar,M,2
Pasquale,M,2
Quentin,M,2
Rahil,M,2
Rakesh,M,2
Reid,M,2
Reza,M,2
Ricardo,M,2
Rowan,M,2
Rowland,M,2
Ruari,M,2
Ruaridh,M,2
Sami,M,2
Saqib,M,2
Sebastien,M,2
Seth,M,2
Sheikh,M,2
Sherif,M,2
Simeon,M,2
Solomon,M,2
Sonny,M,2
Stacy,M,2
Sydney,M,2
Tarik,M,2
Tejinder,M,2
Theodore,M,2
Tobias,M,2
Toby,M,2
Tristram,M,2
Usman,M,2
Waheed,M,2
Wallace,M,2
Zahid,M,2
Aarron,M,1
Abbas,M,1
Abdelilah,M,1
Abdul,M,1
Abdulla,M,1
Abid,M,1
Abraham,M,1
Abrar,M,1
Abu,M,1
Ace,M,1
Achal,M,1
Adaire,M,1
Adekumle,M,1
Adel,M,1
Adig,M,1
Adley,M,1
Adnan,M,1
Aftab,M,1
Afzal,M,1
Agostino,M,1
Agyat,M,1
Ahsan,M,1
Aian,M,1
Ailean,M,1
Ajmer,M,1
Ala,M,1
Alain,M,1
Alban,M,1
Alexandro,M,1
Alick,M,1
Alistar,M,1
Alleyn,M,1
Allun,M,1
Altmash,M,1
Alwyn,M,1
Amar,M,1
Amir,M,1
Amjad,M,1
Amjud,M,1
Andleeb,M,1
Andrea,M,1
Angelo,M,1
Angelos,M,1
Anil,M,1
Anit,M,1
Anjum,M,1
Anson,M,1
Antoine,M,1
Antonie,M,1
Aonghas,M,1
Archer,M,1
Arfan,M,1
Arfane,M,1
Arif,M,1
Aris,M,1
Arjan,M,1
Arjen,M,1
Arnaud,M,1
Arnold,M,1
Asad,M,1
Ashfaq,M,1
Ashwin,M,1
Asiaf,M,1
Asim,M,1
Assad,M,1
Assif,M,1
Assim,M,1
Ataa-Ur-Rehman,M,1
Athir,M,1
Athol,M,1
Athole,M,1
Atif,M,1
Atour,M,1
Atta-Ur-Rehman,M,1
Auston,M,1
Ayad,M,1
Ayotokunbo,M,1
Azrul,M,1
Babar,M,1
Badr,M,1
Balal,M,1
Balbir,M,1
Baljit,M,1
Balvindar,M,1
Baqar,M,1
Barclay,M,1
Barnaby,M,1
Barney,M,1
Barri,M,1
Barry-John,M,1
Basheer,M,1
Beinn,M,1
Ben-Sadeek,M,1
Benjamen,M,1
Bernd,M,1
Beshir,M,1
Bhupinder,M,1
Biagio,M,1
Bill,M,1
Bjorn,M,1
Bobby,M,1
Bonar,M,1
Bradford,M,1
Braham,M,1
Bran,M,1
Brenden,M,1
Brendon,M,1
Brock,M,1
Bronson,M,1
Brydon,M,1
Bryn,M,1
Bulabari,M,1
Cailean,M,1
Callan,M,1
Camillus,M,1
Carlos,M,1
Carlton,M,1
Carol,M,1
Caser,M,1
Cathal,M,1
Cecil,M,1
Cedric,M,1
Chabala,M,1
Chagai,M,1
Charley,M,1
Chaudhary,M,1
Chee,M,1
Chen,M,1
Chi-Chung,M,1
Chika,M,1
Chilton,M,1
Chriss,M,1
Christiaan,M,1
Christoph,M,1
Christophen,M,1
Chuan,M,1
Chukwu-Emeka,M,1
Chukwuma,M,1
Ciaran,M,1
Clarence,M,1
Clement,M,1
Coll,M,1
Collin,M,1
Comfort,M,1
Conan,M,1
Conar,M,1
Conel,M,1
Connor,M,1
Corin,M,1
Corrie,M,1
Corry,M,1
Crauford,M,1
Cregg,M,1
Crighton,M,1
Crispian,M,1
Curtis,M,1
Cyrus,M,1
Dag,M,1
Damon,M,1
Dan,M,1
Danish,M,1
Dante,M,1
Dario,M,1
Darrine,M,1
Darroch,M,1
Darwin,M,1
Dave,M,1
Dawson,M,1
Debapratim,M,1
Dee,M,1
Del,M,1
Delwynn,M,1
Demetrious,M,1
Demetris,M,1
Demian,M,1
Denholm,M,1
Dennys,M,1
Denver,M,1
Derik,M,1
Derry,M,1
Devin,M,1
Dewar,M,1
Dharen,M,1
Diamond,M,1
Diggory,M,1
Dildeep,M,1
Dimitri,M,1
Divinder,M,1
Dominick,M,1
Donald-Diarmad,M,1
Donny,M,1
Dougald,M,1
Dougall,M,1
Drewan,M,1
Drummond,M,1
Duan,M,1
Dugald,M,1
Eachan,M,1
Eamonn,M,1
Earshad,M,1
Eddie,M,1
Eduard,M,1
Eghosa,M,1
Eion,M,1
Ekenedilichuku,M,1
Elijah,M,1
Eliot,M,1
Ellan,M,1
Ellis,M,1
Elred,M,1
Emil,M,1
Emlyn,M,1
Emma,M,1
Emmet,M,1
Emmett,M,1
Eoghann,M,1
Erick,M,1
Erland,M,1
Erling,M,1
Erol,M,1
Errol,M,1
Eryk,M,1
Evan-David,M,1
Ewart,M,1
Ezra,M,1
Fabio,M,1
Faizal,M,1
Farhan,M,1
Farhat,M,1
Faris,M,1
Farquhar,M,1
Farrell,M,1
Farren,M,1
Fasol,M,1
Felipe,M,1
Felton,M,1
Feroz,M,1
Filippo,M,1
Finlegh,M,1
Firas,M,1
Fokko,M,1
Fopefolu,M,1
Ford,M,1
Francisco,M,1
Franco,M,1
Frederic,M,1
Fuat,M,1
Galab,M,1
Garek,M,1
Garrick,M,1
Garrion,M,1
Garsham,M,1
Garth,M,1
Gaven,M,1
Gee,M,1
Geno,M,1
Gerardo,M,1
Gerrad,M,1
Gerry,M,1
Ghsan,M,1
Giancallo,M,1
Giancarlo,M,1
Gianmarco,M,1
Gianni,M,1
Gianpaolo,M,1
Giles,M,1
Gillan,M,1
Gilleathain,M,1
Gilmour,M,1
Giuliano,M,1
Giulio,M,1
Glahm,M,1
Glyn,M,1
Glynn,M,1
Govind,M,1
Grant-John,M,1
Grier,M,1
Grieve,M,1
Grigor,M,1
Gurbarth,M,1
Gurdave,M,1
Gurdeed,M,1
Gurpage,M,1
Gurprit,M,1
Hadley,M,1
Hadrian,M,1
Haig,M,1
Haldane,M,1
Hamaiyu,M,1
Hamid,M,1
Harold,M,1
Harris,M,1
Harth,M,1
Hasan,M,1
Hassan,M,1
Hau,M,1
Hazmi,M,1
Heather,M,1
Hedi,M,1
Heimir,M,1
Himath,M,1
Holden,M,1
Holly,M,1
Homer,M,1
Hrushikesh,M,1
Huntly,M,1
Hussam,M,1
Huw,M,1
Ian-Ruari,M,1
Ibrahim,M,1
Ignacio,M,1
Ikponmwosa,M,1
Imraan,M,1
Imtiaz,M,1
Iqbal,M,1
Iqhlal,M,1
Irfan,M,1
Irvine,M,1
Irwin,M,1
Isaac,M,1
Ishtiaq,M,1
Islay,M,1
Jaemey,M,1
Jagsohan,M,1
Jahangir,M,1
Jake,M,1
Jan,M,1
Jan-Michael,M,1
Japhet,M,1
Jarrod,M,1
Jasbir,M,1
Jasper,M,1
Jaswinder,M,1
Javed,M,1
Jawad,M,1
Jean-Pierre,M,1
Jed,M,1
Jeetender,M,1
Jehramy,M,1
Jeremiah,M,1
Jeromey,M,1
Jerry,M,1
Jesus,M,1
Jethro,M,1
Jim,M,1
Jimmy,M,1
Jo,M,1
Joey,M,1
Johan,M,1
John-Paul,M,1
Johnathen,M,1
Johnnie,M,1
Johnpaul,M,1
Jonathen,M,1
Joni,M,1
Jonni,M,1
Jonothan,M,1
Jordache,M,1
Jordi,M,1
Jorgen,M,1
Jose,M,1
Josh,M,1
Josie,M,1
Joss,M,1
Jude,M,1
Ka,M,1
Kaldip,M,1
Kamaldip,M,1
Kamraan,M,1
Kanchan,M,1
Kane,M,1
Kanti,M,1
Kar,M,1
Karim,M,1
Karyl,M,1
Kashif,M,1
Kasief,M,1
Kassim,M,1
Keil,M,1
Keiran,M,1
Keiron,M,1
Keivan,M,1
Kemal,M,1
Kenliang,M,1
Kennedy,M,1
Kent,M,1
Kerran,M,1
Kerrin,M,1
Khris,M,1
Kieren,M,1
Kim,M,1
Kingsley,M,1
Kinning,M,1
Kirn,M,1
Kiron,M,1
Kirstin,M,1
Kjeld,M,1
Kjell,M,1
Klas,M,1
Kodilichi,M,1
Konrad,M,1
Kristen,M,1
Kristofer,M,1
Kristoffar,M,1
Kristoffor,M,1
Kristofor,M,1
Krys,M,1
Kulbinder,M,1
Kuo,M,1
Laeland,M,1
Laing,M,1
Larry,M,1
Latif,M,1
Laughlin,M,1
Lea,M,1
Leighton,M,1
Lemont,M,1
Leonardo,M,1
Leopoldo,M,1
Leroy,M,1
Lesley,M,1
Lindsey,M,1
Linsey,M,1
Logie,M,1
Lonnie,M,1
Loon-Bun,M,1
Lorenzo,M,1
Lorrimer-John,M,1
Lu'ay,M,1
Luca,M,1
Lucas,M,1
Luciano,M,1
Luthais,M,1
Lyle,M,1
Lyndon,M,1
Maarten,M,1
Macdonald,M,1
Maclean,M,1
Mahammad,M,1
Mahindhan,M,1
Majid,M,1
Malkiet,M,1
Manjinder,M,1
Manjit,M,1
Manmeet,M,1
Mansoor,M,1
Manus,M,1
Marcel,M,1
Marcello,M,1
Marcos,M,1
Marjiwra,M,1
Marko,M,1
Marrack,M,1
Matt,M,1
Maurizio,M,1
Megat,M,1
Melad,M,1
Melville,M,1
Melvyn,M,1
Menzies,M,1
Merrick,M,1
Michael-Geoffre,M,1
Michaeljon,M,1
Micheal,M,1
Miebaka,M,1
Miguel,M,1
Mike,M,1
Miles,M,1
Miller,M,1
Min,M,1
Mirza,M,1
Mitchell,M,1
Mobeen,M,1
Mohiemen,M,1
Mohsan,M,1
Moloy,M,1
Muhmmad,M,1
Munro,M,1
Munroe,M,1
Murdoch,M,1
Mustansir,M,1
Nader,M,1
Nafees,M,1
Naheem,M,1
Nana,M,1
Naqshab,M,1
Narinder,M,1
Nathanael,M,1
Nathanial,M,1
Navdeep,M,1
Navtej,M,1
Naweed,M,1
Nazim,M,1
Neale,M,1
Neel,M,1
Neema,M,1
Neilson,M,1
Nelson,M,1
Nichol,M,1
Nico,M,1
Nicola,M,1
Nicolaas,M,1
Niel,M,1
Nihit,M,1
Nikhil,M,1
Nilal,M,1
Noam,M,1
Noble,M,1
Noemaan,M,1
Nolan,M,1
Nur,M,1
Nyall,M,1
Olawale,M,1
Olufehi,M,1
Omer,M,1
Omotola,M,1
Orr,M,1
Osborne,M,1
Oswald,M,1
Ouse,M,1
Owain,M,1
Pardeep,M,1
Paresh,M,1
Parkash,M,1
Patricia,M,1
Paul-Scott,M,1
Pavan,M,1
Pearce,M,1
Per,M,1
Pervaiz,M,1
Phineas,M,1
Piero,M,1
Pieter,M,1
Ping-Tuk,M,1
Porpur,M,1
Portonovo,M,1
Prisco,M,1
Purviz,M,1
Qaseer,M,1
Raegan,M,1
Rael,M,1
Rahoof,M,1
Raiminder,M,1
Rajkumar,M,1
Raju,M,1
Rami,M,1
Ramie,M,1
Ramon,M,1
Ranald,M,1
Randall,M,1
Randhir,M,1
Randolph,M,1
Randy,M,1
Ranteer,M,1
Raphael,M,1
Rashid,M,1
Ravi,M,1
Raydon,M,1
Raymon,M,1
Rayner,M,1
Razi,M,1
Reegan,M,1
Reginald,M,1
Remi,M,1
Remolo,M,1
Rennie,M,1
Renny,M,1
Reshad,M,1
Rex,M,1
Rezwan,M,1
Rhuaridh,M,1
Rhuorie,M,1
Ricard,M,1
Richmond,M,1
Ricki,M,1
Rico,M,1
Rik,M,1
Rishi,M,1
Rob,M,1
Robbi,M,1
Robbin,M,1
Robert-James,M,1
Roberto,M,1
Rocco,M,1
Rocky,M,1
Roddie,M,1
Rodin,M,1
Rogan,M,1
Rolf,M,1
Romano,M,1
Romon,M,1
Ronzit,M,1
Roshen,M,1
Royce,M,1
Ruairi,M,1
Ruary,M,1
Ruben,M,1
Rudie,M,1
Rudiger,M,1
Rudy,M,1
Rupert,M,1
Rutherford,M,1
Ryann,M,1
Sabir,M,1
Sadakat,M,1
Sadat,M,1
Saduf,M,1
Sai,M,1
Sakib,M,1
Saleem,M,1
Sameer,M,1
Samim,M,1
Samir,M,1
Samjeev,M,1
Samson,M,1
Sandro,M,1
Sanio,M,1
Sanjay,M,1
Sanjeev,M,1
Santosh,M,1
Saqub,M,1
Sareraz,M,1
Sathpal,M,1
Saturnino,M,1
Saul,M,1
Savio,M,1
Sawarnjit,M,1
Sbat,M,1
Scott-Alexander,M,1
Scott-William,M,1
Seamus,M,1
Seif,M,1
Selwan,M,1
Seymour,M,1
Shabir,M,1
Shaharul,M,1
Shahnawaz,M,1
Shahraz,M,1
Shahriman,M,1
Shakoor,M,1
Shami,M,1
Shannon,M,1
Sharie,M,1
Shariff,M,1
Shaw,M,1
Shawn,M,1
Shazad,M,1
Shean,M,1
Shehad,M,1
Shehzada,M,1
Shem,M,1
Sheraz,M,1
Shivas,M,1
Shokat,M,1
Sholom,M,1
Shuard,M,1
Sie,M,1
Sigurd,M,1
Sirfaraz,M,1
Sirio,M,1
Siu,M,1
Siva,M,1
Spencer,M,1
Stefano,M,1
Steffan,M,1
Stephane-Jean,M,1
Stevyn,M,1
Sueb,M,1
Suhail,M,1
Sukhjimder,M,1
Sukhjinder,M,1
Suman,M,1
Surat,M,1
Suresh,M,1
Sven,M,1
Syed,M,1
Symon,M,1
Tadashi,M,1
Tahir,M,1
Tak,M,1
Talal,M,1
Talhah,M,1
Talib,M,1
Tallal,M,1
Tamir,M,1
Tammas,M,1
Tamur,M,1
Tan,M,1
Taric,M,1
Tarig,M,1
Tarot,M,1
Tasman,M,1
Tauhid,M,1
Taylor,M,1
Terje,M,1
Terrence,M,1
Terrie,M,1
Texi,M,1
Thames,M,1
Thomson,M,1
Thys,M,1
Tin,M,1
Todd,M,1
Tomas,M,1
Tomoyeolawale-T,M,1
Trefor,M,1
Tremayne,M,1
Tsing,M,1
Tsun,M,1
Tushara,M,1
Tuyyab,M,1
Uchechukwu,M,1
Uchenna,M,1
Ujah,M,1
Ukemeobong,M,1
Ulysses,M,1
Valentine,M,1
Valentino,M,1
Varpal,M,1
Vasilios,M,1
Vaughan,M,1
Vaughn,M,1
Vern,M,1
Verun,M,1
Vikram,M,1
Vikrant,M,1
Vincenzo,M,1
Vinod,M,1
Virgilio,M,1
Vito,M,1
Volmer,M,1
Wakkas,M,1
Waleed,M,1
Walker,M,1
Wan,M,1
Warne,M,1
Waseem,M,1
Wathik,M,1
Webster,M,1
Wildon,M,1
Willie,M,1
Willis,M,1
Windsor,M,1
Yan-Erik,M,1
Yann,M,1
Yat,M,1
Yeut,M,1
Yorick,M,1
Yoseph,M,1
Youssef,M,1
Yun-Kai,M,1
Yusof,M,1
Yusuf,M,1
Yuval,M,1
Zackery,M,1
Zain,M,1
Zakir,M,1
Zarathustra,M,1
Zia,M,1
Zowie,M,1
Zubeir,M,1
Claire,F,733
Nicola,F,689
Karen,F,663
Angela,F,643
Gillian,F,590
Fiona,F,582
Jennifer,F,552
Laura,F,526
Susan,F,518
Julie,F,502
Michelle,F,478
Lisa,F,460
Sharon,F,444
Louise,F,442
Sarah,F,435
Tracy,F,416
Donna,F,411
Kelly,F,397
Kirsty,F,369
Amanda,F,336
Alison,F,333
Joanne,F,313
Caroline,F,307
Emma,F,302
Jacqueline,F,298
Elaine,F,281
Elizabeth,F,279
Lynne,F,275
Lesley,F,271
Deborah,F,269
Kerry,F,256
Victoria,F,256
Carol,F,252
Catherine,F,242
Lynn,F,242
Pauline,F,222
Margaret,F,221
Lorna,F,208
Lynsey,F,206
Lorraine,F,201
Linda,F,199
Suzanne,F,199
Tracey,F,199
Heather,F,193
Yvonne,F,188
Jane,F,180
Dawn,F,171
Mary,F,171
Helen,F,169
Anne,F,168
Wendy,F,163
Lee,F,162
Pamela,F,153
Jill,F,149
Lindsay,F,139
Clare,F,138
Christine,F,132
Diane,F,132
Leigh,F,129
Samantha,F,129
Shona,F,126
Joanna,F,125
Ruth,F,125
Debbie,F,123
Gail,F,122
Marie,F,120
Andrea,F,114
Paula,F,113
Kathleen,F,112
Catriona,F,108
Katrina,F,107
Denise,F,105
Melanie,F,100
Ann,F,99
Sandra,F,97
Gayle,F,96
Hazel,F,96
Jillian,F,96
Stephanie,F,95
Rachel,F,89
Kim,F,85
Natalie,F,85
Katherine,F,83
Patricia,F,83
Leanne,F,81
Cheryl,F,79
Mhairi,F,72
Morag,F,70
Arlene,F,69
Zoe,F,68
Kathryn,F,67
Aileen,F,64
Ashley,F,64
Judith,F,64
Anna,F,61
Frances,F,61
Janet,F,61
Lucy,F,61
Vicky,F,60
Christina,F,59
Kirsten,F,59
Rebecca,F,59
Lyndsey,F,58
Stacey,F,57
Allison,F,56
Kirsteen,F,56
Barbara,F,55
Lynda,F,55
Shirley,F,55
Mairi,F,54
Maria,F,54
Carolyn,F,53
Marion,F,53
Maureen,F,53
Julia,F,52
Lynette,F,52
Lindsey,F,50
Lyndsay,F,50
Mandy,F,50
Sara,F,50
Valerie,F,49
Carrie,F,48
Audrey,F,46
Eleanor,F,45
Melissa,F,45
Michele,F,45
Rhona,F,44
Emily,F,43
Nichola,F,43
Theresa,F,43
Adele,F,42
Eileen,F,42
Carole,F,41
Kimberley,F,41
Jean,F,39
Sally,F,39
Vicki,F,38
Jenny,F,37
Lyn,F,37
Janice,F,36
Irene,F,34
Amy,F,33
Kay,F,33
Kirstin,F,33
Leah,F,32
Natasha,F,32
Rosemary,F,32
Sheena,F,32
Cara,F,31
Marianne,F,31
Clair,F,30
Gemma,F,30
Hilary,F,30
Nadine,F,30
Sheila,F,30
Susanne,F,30
Annette,F,29
Charlotte,F,29
Eilidh,F,29
Kate,F,29
Leona,F,29
Vikki,F,29
Alexandra,F,28
Avril,F,28
Rachael,F,28
Tanya,F,28
Teresa,F,28
Ailsa,F,27
Hannah,F,27
June,F,27
Isla,F,26
Agnes,F,25
Alice,F,25
Eve,F,25
Geraldine,F,25
Shelley,F,25
Carla,F,24
Faye,F,24
Georgina,F,24
Jaclyn,F,24
Janette,F,24
Jayne,F,24
Kellie,F,24
Nicole,F,24
Colette,F,23
Evelyn,F,23
Nadia,F,23
Grace,F,22
Siobhan,F,22
Abigail,F,21
Beverley,F,21
Debra,F,21
Esther,F,21
Gwen,F,21
Katharine,F,21
Lauren,F,21
Morven,F,21
Charlene,F,20
Iona,F,20
Jan,F,20
Jolene,F,20
Katie,F,20
Kirstie,F,20
Maxine,F,20
Tina,F,20
Vanessa,F,20
Bernadette,F,19
Brenda,F,19
Jaime,F,19
Joan,F,19
Joyce,F,19
Juliet,F,19
Kerrie,F,19
Louisa,F,19
Moira,F,19
Monica,F,19
Sonia,F,19
Veronica,F,19
Anne-Marie,F,18
Davina,F,18
Heidi,F,18
Lynsay,F,18
Naomi,F,18
Stacy,F,18
Wilma,F,18
Alexis,F,17
April,F,17
Charmaine,F,17
Dianne,F,17
Ellen,F,17
Tara,F,17
Colleen,F,16
Jamie,F,16
Johanna,F,16
Kirstine,F,16
Rhonda,F,16
Vivienne,F,16
Alana,F,15
Annmarie,F,15
Diana,F,15
Josephine,F,15
Simone,F,15
Hayley,F,14
Janine,F,14
Laurie,F,14
Lee-Anne,F,14
Linzi,F,14
Lynnette,F,14
Norma,F,14
Amber,F,13
Anita,F,13
Erin,F,13
Lee-Ann,F,13
Lianne,F,13
Linsey,F,13
Penelope,F,13
Alyson,F,12
Danielle,F,12
Isabella,F,12
Joy,F,12
Karin,F,12
Katy,F,12
Kerri,F,12
Leeann,F,12
Nina,F,12
Penny,F,12
Shonagh,F,12
Sophie,F,12
Sylvia,F,12
Tammy,F,12
Ann-Marie,F,11
Evonne,F,11
Kimberly,F,11
Marnie,F,11
Olivia,F,11
Philippa,F,11
Rona,F,11
Rosalind,F,11
Sarah-Jane,F,11
Shazia,F,11
Sian,F,11
Sonya,F,11
Angie,F,10
Dana,F,10
Erica,F,10
Eva,F,10
Gaynor,F,10
Isabel,F,10
Janie,F,10
Jeanette,F,10
Lara,F,10
Liza,F,10
Marissa,F,10
Marlene,F,10
Rose,F,10
Sabrina,F,10
Sinead,F,10
Susannah,F,10
Tammie,F,10
Vivien,F,10
Ainsley,F,9
Annie,F,9
Cindy,F,9
Helena,F,9
Jodie,F,9
Leesa,F,9
Liana,F,9
Linsay,F,9
Lois,F,9
Marina,F,9
Mhari,F,9
Morna,F,9
Roslyn,F,9
Selina,F,9
Sharlene,F,9
Sharron,F,9
Toni,F,9
Allyson,F,8
Antonia,F,8
Bridget,F,8
Carol-Ann,F,8
Corinne,F,8
Deirdre,F,8
Dionne,F,8
Elinor,F,8
Elisabeth,F,8
Farrah,F,8
Fay,F,8
Felicity,F,8
Holly,F,8
Isobel,F,8
Janey,F,8
Leeanne,F,8
Leigh-Anne,F,8
Lesley-Anne,F,8
Nikki,F,8
Allana,F,7
Annemarie,F,7
Arleen,F,7
Carmen,F,7
Carol-Anne,F,7
Carolann,F,7
Carolanne,F,7
Cassandra,F,7
Estelle,F,7
Ingrid,F,7
Jessica,F,7
Jo-Anne,F,7
Jocelyn,F,7
Jodi,F,7
Justine,F,7
Kristine,F,7
Lucinda,F,7
Margo,F,7
Martine,F,7
Megan,F,7
Michaela,F,7
Miranda,F,7
Rowena,F,7
Sandie,F,7
Sasha,F,7
Sheree,F,7
Stella,F,7
Tessa,F,7
Trudy,F,7
Vickie,F,7
Virginia,F,7
Vivian,F,7
Annabel,F,6
Carly,F,6
Carrie-Ann,F,6
Catrina,F,6
Cherie,F,6
Corrina,F,6
Edith,F,6
Flora,F,6
Jennie,F,6
Joann,F,6
Julie-Ann,F,6
Julie-Anne,F,6
Kara,F,6
Karyn,F,6
Kelley,F,6
Keri,F,6
Leisa,F,6
Lena,F,6
Loraine,F,6
Madeleine,F,6
Madeline,F,6
Mari,F,6
Martha,F,6
Martina,F,6
Nancy,F,6
Noreen,F,6
Rae,F,6
Robyn,F,6
Rosalyn,F,6
Sacha,F,6
Serena,F,6
Sharleen,F,6
Sheona,F,6
Sonja,F,6
Susanna,F,6
Adrienne,F,5
Alexandria,F,5
Andrina,F,5
Angeline,F,5
Anouska,F,5
Anthea,F,5
Ashleigh,F,5
Belinda,F,5
Bonnie,F,5
Camilla,F,5
Cathleen,F,5
Cecilia,F,5
Connie,F,5
Dale,F,5
Dorothy,F,5
Elena,F,5
Elise,F,5
Elspeth,F,5
Jacquelyn,F,5
Jade,F,5
Jenifer,F,5
Jessie,F,5
Johanne,F,5
Kelli,F,5
Kelly-Ann,F,5
Kerry-Ann,F,5
Layla,F,5
Lea,F,5
Leigh-Ann,F,5
Lydia,F,5
Marian,F,5
Marjorie,F,5
Marjory,F,5
Maryann,F,5
May,F,5
Nyree,F,5
Roseann,F,5
Rowan,F,5
Shauna,F,5
Shelagh,F,5
Tamara,F,5
Teri,F,5
Violet,F,5
Yvette,F,5
Abbie,F,4
Alexa,F,4
Alma,F,4
Amelia,F,4
Angelina,F,4
Caren,F,4
Carolynn,F,4
Carrie-Anne,F,4
Collette,F,4
Constance,F,4
Corina,F,4
Corrine,F,4
Daniela,F,4
Daniella,F,4
Demelza,F,4
Emma-Jane,F,4
Erika,F,4
Farah,F,4
Francesca,F,4
Freya,F,4
Gina,F,4
Gloria,F,4
Jackie,F,4
Janis,F,4
Jo-Ann,F,4
Jody,F,4
Julianne,F,4
Juliette,F,4
Karlyn,F,4
Katrine,F,4
Kelly-Anne,F,4
Lana,F,4
Leighann,F,4
Leila,F,4
Lesley-Ann,F,4
Lindy,F,4
Lissa,F,4
Lori,F,4
Lorne,F,4
Mairead,F,4
Maree,F,4
Marlyn,F,4
Mei,F,4
Miriam,F,4
Petra,F,4
Phyllis,F,4
Pui,F,4
Rosslyn,F,4
Sadie,F,4
Senga,F,4
Shannon,F,4
Sharyn,F,4
Shelly,F,4
Stefanie,F,4
Tabitha,F,4
Terri,F,4
Terry,F,4
Trudi,F,4
Trudie,F,4
Wai,F,4
Yasmin,F,4
Yolanda,F,4
Ailish,F,3
Aimee,F,3
Aimi,F,3
Alaine,F,3
Alicia,F,3
Angharad,F,3
Asia,F,3
Asma,F,3
Ayshea,F,3
Bianca,F,3
Bobbie,F,3
Camille,F,3
Carina,F,3
Carolynne,F,3
Carron,F,3
Caryn,F,3
Ceri,F,3
Charis,F,3
Charmain,F,3
Chloe,F,3
Christiana,F,3
Claudia,F,3
Coleen,F,3
Cora,F,3
Coreen,F,3
Cynthia,F,3
Daisy,F,3
Debora,F,3
Dee,F,3
Dominique,F,3
Donella,F,3
Doreen,F,3
Elisa,F,3
Eliza,F,3
Elsa,F,3
Euphemia,F,3
Francine,F,3
Gael,F,3
Georgia,F,3
Harriet,F,3
Imogen,F,3
Ishbel,F,3
Jacqui,F,3
Jaimie,F,3
Judy,F,3
Juli,F,3
Julianna,F,3
Kareen,F,3
Katriona,F,3
Kaye,F,3
Kelda,F,3
Kellyann,F,3
Kerry-Anne,F,3
Kirsti,F,3
Kristina,F,3
Kyla,F,3
Kylie,F,3
Larissa,F,3
Leslie,F,3
Leza,F,3
Lillian,F,3
Lisette,F,3
Lucie,F,3
Marcia,F,3
Marilyn,F,3
Marisa,F,3
Marsha,F,3
Melinda,F,3
Melody,F,3
Monique,F,3
Muriel,F,3
Myra,F,3
Nazia,F,3
Odette,F,3
Ray,F,3
Rebekah,F,3
Regan,F,3
Rehana,F,3
Rena,F,3
Renee,F,3
Rhiannon,F,3
Rhoda,F,3
Robin,F,3
Rochelle,F,3
Roisin,F,3
Rosaleen,F,3
Roseanne,F,3
Rosemarie,F,3
Rosina,F,3
Sajida,F,3
Sameena,F,3
Seonaid,F,3
Shabana,F,3
Sheryl,F,3
Shiona,F,3
Sophia,F,3
Suzan,F,3
Suzannah,F,3
Uzma,F,3
Verity,F,3
Winifred,F,3
Zoey,F,3
Abbey,F,2
Abby,F,2
Adelina,F,2
Afshan,F,2
Alanna,F,2
Alexandrina,F,2
Alexsandra,F,2
Alisa,F,2
Annabella,F,2
Anne-Louise,F,2
Assia,F,2
Averil,F,2
Ayesha,F,2
Aynsley,F,2
Ayshah,F,2
Beatrice,F,2
Beverly,F,2
Briony,F,2
Caireen,F,2
Caragh,F,2
Carlyn,F,2
Carmine,F,2
Caroll,F,2
Carolyne,F,2
Carra,F,2
Cassie,F,2
Catharine,F,2
Celeste,F,2
Celia,F,2
Celine,F,2
Chanelle,F,2
Chantal,F,2
Chirsty,F,2
Christa,F,2
Christian,F,2
Clara,F,2
Claudine,F,2
Clayre,F,2
Corena,F,2
Corinna,F,2
Craig,F,2
Cristina,F,2
Danelle,F,2
Dawna,F,2
Deanna,F,2
Deanne,F,2
Debby,F,2
Dena,F,2
Dina,F,2
Dione,F,2
Dolores,F,2
Donnamarie,F,2
Dora,F,2
Dorinda,F,2
Doris,F,2
Elain,F,2
Elaina,F,2
Elane,F,2
Elissa,F,2
Ena,F,2
Ethel,F,2
Faith,F,2
Freda,F,2
Geeta,F,2
Genevieve,F,2
Glenda,F,2
Greer,F,2
Greta,F,2
Gwendoline,F,2
Gwendolyn,F,2
Gwyneth,F,2
Hailey,F,2
Hala,F,2
Haley,F,2
Hellen,F,2
Hilda,F,2
Ilona,F,2
Islay,F,2
Jacqualine,F,2
Jacquelynn,F,2
Jasmine,F,2
Jeanie,F,2
Jeanine,F,2
Jeanne,F,2
Jeannie,F,2
Jemma,F,2
Jeniffer,F,2
Jenna,F,2
Johann,F,2
Juliana,F,2
Juliane,F,2
Karan,F,2
Kari,F,2
Karlin,F,2
Karrie,F,2
Kathrine,F,2
Keli,F,2
Kendra,F,2
Kerryn,F,2
Khadine,F,2
Kirstene,F,2
Kizzy,F,2
Kym,F,2
Kyra,F,2
Laura-Jane,F,2
Laurna,F,2
Leann,F,2
Leighan,F,2
Leighanne,F,2
Leisha,F,2
Letitia,F,2
Li,F,2
Lia,F,2
Lian,F,2
Liane,F,2
Lily,F,2
Lindi,F,2
Llana,F,2
Loretta,F,2
Lorette,F,2
Luan,F,2
Lubna,F,2
Lucia,F,2
Lucille,F,2
Luisa,F,2
Marena,F,2
Margaret-Anne,F,2
Marianna,F,2
Marie-Anne,F,2
Marie-Claire,F,2
Marie-Clare,F,2
Marie-Louise,F,2
Marielle,F,2
Marisha,F,2
Marrianne,F,2
Maura,F,2
Mellanie,F,2
Melony,F,2
Naheed,F,2
Natalia,F,2
Neelam,F,2
Nichole,F,2
Nikola,F,2
Nova,F,2
Patrice,F,2
Paul,F,2
Paulene,F,2
Pearl,F,2
Raylene,F,2
Reem,F,2
Rita,F,2
Roberta,F,2
Robina,F,2
Rosalie,F,2
Rosanne,F,2
Roselynn,F,2
Rosena,F,2
Sadaf,F,2
Saira,F,2
Sally-Anne,F,2
Salma,F,2
Sau,F,2
Scott,F,2
Seonad,F,2
Shakeela,F,2
Shari,F,2
Sharmila,F,2
Sheenagh,F,2
Sheryn,F,2
Shireen,F,2
Shirley-Anne,F,2
Shyvonne,F,2
Sigrid,F,2
Sorrel,F,2
Stacie,F,2
Stroma,F,2
Susann,F,2
Susie,F,2
Suzanna,F,2
Syma,F,2
Talia,F,2
Thea,F,2
Therese,F,2
Tracie,F,2
Tracy-Anne,F,2
Ursula,F,2
Valda,F,2
Valentina,F,2
Vari,F,2
Verna,F,2
Vhari,F,2
Viki,F,2
Williamina,F,2
Yasmeen,F,2
Ying,F,2
Zena,F,2
Abbe,F,1
Abdah,F,1
Abeddyin,F,1
Abha,F,1
Abtesam,F,1
Adam,F,1
Adel,F,1
Adeline,F,1
Adelle,F,1
Adesuwa,F,1
Aekta,F,1
Afaf,F,1
Afeeya,F,1
Afia,F,1
Ai,F,1
Aida,F,1
Ailean,F,1
Ailie,F,1
Ailisa,F,1
Aimie,F,1
Ainsleigh,F,1
Ainslie,F,1
Aisha,F,1
Aisling,F,1
Aislinn,F,1
Ajibike,F,1
Alan,F,1
Alanha,F,1
Albatole,F,1
Alberdina,F,1
Alethea,F,1
Alexia,F,1
Alienor,F,1
Alinea,F,1
Alinha,F,1
Alisan,F,1
Alisha,F,1
Alishea,F,1
Alisia,F,1
Alissa,F,1
Alix,F,1
Allia,F,1
Alsuin,F,1
Alveena,F,1
Alyna,F,1
Alyssa,F,1
Alysshia,F,1
Alysson,F,1
Amadine,F,1
Amanda-Jane,F,1
Amandeep,F,1
Amel,F,1
Ami,F,1
Amilisa,F,1
Amira,F,1
Ammelies,F,1
Amna,F,1
Amrey,F,1
Amye,F,1
Ana,F,1
Anastasia,F,1
Andeela,F,1
Andileeb,F,1
Andre,F,1
Andrene,F,1
Andria,F,1
Angel,F,1
Angelene,F,1
Anike,F,1
Anjali,F,1
Ann-Katrine,F,1
Ann-Margret,F,1
Anna-Lisa,F,1
Anna-Marie,F,1
Annabelle,F,1
Annalee,F,1
Annalie,F,1
Annalisa,F,1
Anne-Margaret,F,1
Anneli,F,1
Anneliese,F,1
Antoinette,F,1
Anya,F,1
Aqsa,F,1
Archana,F,1
Arma,F,1
Arryann,F,1
Arti,F,1
Arvon,F,1
Asfa,F,1
Ashia,F,1
Ashlay,F,1
Asifa,F,1
Asmara,F,1
Astra,F,1
Astrid,F,1
Athena,F,1
Atia,F,1
Atlanta,F,1
Aubin,F,1
Ayah,F,1
Aysha,F,1
Ayshar,F,1
Azlin,F,1
Azra,F,1
Bahanth,F,1
Balbir,F,1
Baljit,F,1
Banu,F,1
Barbara-Ann,F,1
Becci,F,1
Bela,F,1
Bernadine,F,1
Bernice,F,1
Beth,F,1
Bethan,F,1
Bethea,F,1
Betsy,F,1
Bettina,F,1
Bibiana,F,1
Billie,F,1
Billie-Jean,F,1
Bilwendar,F,1
Blandine,F,1
Bonita,F,1
Boushra,F,1
Brandalen,F,1
Breda,F,1
Brerah,F,1
Bried,F,1
Brigid,F,1
Brigitte,F,1
Britta,F,1
Bronia,F,1
Bronwen,F,1
Bruna,F,1
Bryana,F,1
Bryony,F,1
Bushra,F,1
Caisie,F,1
Caithleen,F,1
Calina,F,1
Camellia,F,1
Candi,F,1
Candice,F,1
Candida,F,1
Caraline,F,1
Caran,F,1
Careen,F,1
Carene,F,1
Carey,F,1
Caria,F,1
Carin,F,1
Carissa,F,1
Carlane,F,1
Carleen,F,1
Carlin,F,1
Carmilla,F,1
Caron,F,1
Carra-Marie,F,1
Carren,F,1
Carri,F,1
Carri-Anne,F,1
Carrin,F,1
Carrol,F,1
Carys,F,1
Casey,F,1
Cassandar,F,1
Cassy,F,1
Catherin,F,1
Cathlene,F,1
Cecile,F,1
Ceiran,F,1
Celina,F,1
Cesil,F,1
Ch,F,1
Chandra,F,1
Chantel,F,1
Charaine,F,1
Charina,F,1
Charisse,F,1
Charla,F,1
Charlaine,F,1
Charlane,F,1
Charlann,F,1
Charleen,F,1
Charles,F,1
Charlott,F,1
Charlotta,F,1
Charron,F,1
Chelsea,F,1
Chera,F,1
Cheralynne,F,1
Cherelle,F,1
Cherice,F,1
Cheril,F,1
Cherise,F,1
Cherish,F,1
Cherlene,F,1
Cherri-Ann,F,1
Cherrie,F,1
Cherrisse,F,1
Cheryl-Ann,F,1
Chi,F,1
Chiara,F,1
Chimene,F,1
Chin-Mun,F,1
Chirine,F,1
Chirsty-Anne,F,1
Chrisaida,F,1
Chrisanne,F,1
Chrissie,F,1
Christabel,F,1
Christy,F,1
Cian,F,1
Ciara,F,1
Ciaran,F,1
Claira,F,1
Clairinder,F,1
Clancy,F,1
Clary,F,1
Claudette,F,1
Clementina,F,1
Clementine,F,1
Colene,F,1
Colin,F,1
Colina,F,1
Constantia,F,1
Coral,F,1
Corien,F,1
Corna,F,1
Corran,F,1
Correen,F,1
Corrinne,F,1
Coryll,F,1
Courtnay,F,1
Crislynne,F,1
Crystal,F,1
Curstaidh,F,1
Dahlia,F,1
Dalia,F,1
Dalvinder,F,1
Danah,F,1
Danch,F,1
Danica,F,1
Darcy,F,1
Darla,F,1
Darleen,F,1
Darnel,F,1
Darra,F,1
Darrelle,F,1
Davette,F,1
Davidina,F,1
Davine,F,1
Dawn-Louise,F,1
Dawn-Marie,F,1
Daye,F,1
Dayle,F,1
Deborah-Ann,F,1
Debral,F,1
Dechelle,F,1
Delia,F,1
Demaras,F,1
Demma,F,1
Denelza,F,1
Denese,F,1
Denice,F,1
Deonne,F,1
Deryl,F,1
Dheyah,F,1
Dhivya,F,1
Diamond,F,1
Dolina,F,1
Dolla,F,1
Don,F,1
Dona,F,1
Donagh,F,1
Donna-Marie,F,1
Dorcas,F,1
Dorothea,F,1
Dorothyanne,F,1
Dorren,F,1
Dyanne,F,1
Ebru,F,1
Edwina,F,1
Effie,F,1
Eilen,F,1
Eilion,F,1
Eily,F,1
Eirlys,F,1
Eithne,F,1
Ekta,F,1
Elano,F,1
Eleisha,F,1
Elene,F,1
Elinore,F,1
Elis,F,1
Elisha,F,1
Elizabeth-Ann,F,1
Elizabeth-Anne,F,1
Elizabeth-May,F,1
Elize,F,1
Elki,F,1
Ella,F,1
Ellaine,F,1
Ellice,F,1
Ellise,F,1
Elma,F,1
Eloise,F,1
Eluned,F,1
Emma-Louise,F,1
Emmalene,F,1
Emme,F,1
Emmie,F,1
Engku,F,1
Eoana,F,1
Eoghan,F,1
Erena,F,1
Esme,F,1
Estella,F,1
Ester,F,1
Eunice,F,1
Euridice,F,1
Evellyn,F,1
Evette,F,1
Evie,F,1
Ewerendi,F,1
Faie,F,1
Farhana,F,1
Farina,F,1
Farra,F,1
Farya,F,1
Farzana,F,1
Farzanna,F,1
Farzeena,F,1
Fatima,F,1
Fauzia,F,1
Fayona,F,1
Fearn,F,1
Feiona,F,1
Feliciana,F,1
Feonagh,F,1
Ferena,F,1
Ferga,F,1
Feryal,F,1
Fiaza,F,1
Fiore,F,1
Firzena,F,1
Fleur,F,1
Fran,F,1
France-Leigh,F,1
Francene,F,1
Franchesca,F,1
Francina,F,1
Franki,F,1
Furhana,F,1
Furhat,F,1
Furrah,F,1
Gabriele,F,1
Gabrielle,F,1
Gaenor,F,1
Gaye,F,1
Gemma-Louise,F,1
Georgea,F,1
Georgette,F,1
Georgiana,F,1
Georgie,F,1
Gerd,F,1
Gheila,F,1
Ghislaine,F,1
Gia,F,1
Gianna,F,1
Gilan,F,1
Gilean,F,1
Gill,F,1
Gillean,F,1
Gilraen,F,1
Gioia,F,1
Giulia,F,1
Glynis,F,1
Gracenna,F,1
Graeme,F,1
Gudrun,F,1
Guilia,F,1
Gurjit,F,1
Gurmeat,F,1
Gurmeet,F,1
Gwenda,F,1
Gwenhwyvar,F,1
Halema,F,1
Halina,F,1
Hanusha,F,1
Har,F,1
Harjeet,F,1
Harvinder,F,1
Hawwa,F,1
Hazelann,F,1
Heather-Louise,F,1
Heathr,F,1
Helane,F,1
Helenor,F,1
Henrietta,F,1
Henrika,F,1
Hidemi,F,1
Hili,F,1
Hina,F,1
Holland,F,1
Hsiao-Shan,F,1
Huda,F,1
Huguelin,F,1
Huny,F,1
Ian,F,1
Idalene,F,1
Iffat,F,1
Ileana,F,1
Ilena,F,1
Illesha,F,1
Iman,F,1
Inca,F,1
Inga,F,1
Insha,F,1
Intan,F,1
Iram,F,1
Irina,F,1
Irinis,F,1
Irme,F,1
Isabell,F,1
Isobell,F,1
Isoken,F,1
Ivy,F,1
Ixchel,F,1
Jacinta,F,1
Jacintha,F,1
Jackelene,F,1
Jacklyn,F,1
Jacklyne,F,1
Jacolin,F,1
Jacolyn,F,1
Jacque,F,1
Jacquelene,F,1
Jacqueline-Ann,F,1
Jacquelynne,F,1
Jacquie,F,1
Jadine,F,1
Jaimi,F,1
Jakki,F,1
Jameela,F,1
Janannie,F,1
Jane-Ann,F,1
Janelle,F,1
Janki,F,1
Janna,F,1
Jannie,F,1
January,F,1
Jaqualine,F,1
Jaqueline,F,1
Jashbir,F,1
Jasminara,F,1
Jaspal,F,1
Javre,F,1
Jay,F,1
Jayclyn,F,1
Jaye,F,1
Jaymie,F,1
Jeanne-Marie,F,1
Jeannine,F,1
Jeannot,F,1
Jeewan,F,1
Jemima,F,1
Jenia,F,1
Jennia,F,1
Jennifer-Ann,F,1
Jenniffer,F,1
Jer,F,1
Jess,F,1
Jindar,F,1
Jinette,F,1
Jo,F,1
Joaane,F,1
Joanita,F,1
Jocylin,F,1
Jodie-Ann,F,1
Joelene,F,1
Joelle,F,1
Johan,F,1
Johane,F,1
Johnina,F,1
Johnna,F,1
Joleen,F,1
Joline,F,1
Jolinne,F,1
Jolisa,F,1
Joni,F,1
Joran,F,1
Joscelin,F,1
Josefine,F,1
Joseph,F,1
Joysceal,F,1
Juanita,F,1
Julie-Claire,F,1
July,F,1
Ka,F,1
Kahlua,F,1
Kaira,F,1
Kalaiarasi,F,1
Kalitza,F,1
Kam,F,1
Kar,F,1
Karalyn,F,1
Karanne,F,1
Karena,F,1
Karene,F,1
Karianne,F,1
Karima,F,1
Karina,F,1
Karis,F,1
Karla,F,1
Karleen,F,1
Karolynne,F,1
Karrah,F,1
Karren,F,1
Kary,F,1
Karys,F,1
Katey,F,1
Katharina,F,1
Katheryn,F,1
Kathleen-Anne,F,1
Kathlyn,F,1
Kathrin,F,1
Kati,F,1
Katrena,F,1
Katryn,F,1
Kawize,F,1
Kayley,F,1
Kayrinne,F,1
Kazimiera,F,1
Keira,F,1
Kellie-Ann,F,1
Kelly-Jayne,F,1
Kelly-Jo,F,1
Kelly-Marie,F,1
Ken,F,1
Kenda,F,1
Kendal,F,1
Kendall,F,1
Keren,F,1
Keri-Ann,F,1
Keri-Marie,F,1
Kerina,F,1
Kerisa,F,1
Kerrie-Ellen,F,1
Kerrieanne,F,1
Kerryann,F,1
Kerryanne,F,1
Keziah,F,1
Khanom,F,1
Khazaimatol,F,1
Ki,F,1
Kiaran,F,1
Kiera,F,1
Kira,F,1
Kiran,F,1
Kirntosh,F,1
Kirsi,F,1
Kirstan,F,1
Kirstyann,F,1
Kirstyn,F,1
Klair,F,1
Klare,F,1
Klayre,F,1
Kobie,F,1
Korena,F,1
Korenza,F,1
Korina,F,1
Kossar,F,1
Krissy,F,1
Kristeen,F,1
Kristi,F,1
Kristin,F,1
Krystyna,F,1
Kufena,F,1
Kylah,F,1
Kymm,F,1
Kyrene,F,1
Lacey,F,1
Laela,F,1
Lai,F,1
Laine,F,1
Lama,F,1
Laragh,F,1
Laraine,F,1
Latisha,F,1
Laurain,F,1
Laurayne,F,1
Laureen,F,1
Laurel,F,1
Laurence,F,1
Laurene,F,1
Lauretta,F,1
Laurew,F,1
Laureyn,F,1
Laurieann,F,1
Lauris,F,1
Lawrena,F,1
Lay,F,1
Lea-Ina,F,1
Leah-Ann,F,1
Leahanne,F,1
Leanna,F,1
Leasa,F,1
Leat,F,1
Lee-Ellen,F,1
Leea,F,1
Leean,F,1
Leeanneda,F,1
Leeona,F,1
Leesha,F,1
Leianna,F,1
Leigh-An,F,1
Leighanna,F,1
Lenore,F,1
Leone,F,1
Leoni,F,1
Leonie,F,1
Leonna,F,1
Leonora,F,1
Lesa,F,1
Lesbeth,F,1
Lesleyann,F,1
Leslieann,F,1
Lhamo,F,1
Liah,F,1
Lianda,F,1
Libertad,F,1
Liela,F,1
Liesa,F,1
Ligeia,F,1
Liisa,F,1
Lilian,F,1
Lillianne,F,1
Lin,F,1
Linette,F,1
Linn,F,1
Linoy,F,1
Linsie,F,1
Linuscha,F,1
Linzie,F,1
Linzy,F,1
Lisa-Jane,F,1
Lisa-Marie,F,1
Lisanne,F,1
Lisbeth,F,1
Liu,F,1
Liv,F,1
Lora,F,1
Lorain,F,1
Lorana,F,1
Lorien,F,1
Lorin,F,1
Lorinne,F,1
Lorna-Jean,F,1
Lorra,F,1
Lorrainne,F,1
Lotus,F,1
Louise-Marie,F,1
Luana,F,1
Luanna,F,1
Lucienne,F,1
Lucilla,F,1
Lucy-Ann,F,1
Lunar,F,1
Lunsey,F,1
Lux,F,1
Lyana,F,1
Lyann,F,1
Lyndi,F,1
Lyndie,F,1
Lyndsey-Anne,F,1
Lyndsy,F,1
Lyndzi,F,1
Lyne,F,1
Lynn-Ann,F,1
Lynnsey,F,1
Lynsay-Anne,F,1
Lynsie,F,1
Lynzi,F,1
Maame,F,1
Maanaa,F,1
Mabel,F,1
Madalene,F,1
Madelaine,F,1
Madelene,F,1
Mafaz,F,1
Magdalana,F,1
Magdalen,F,1
Magdalene,F,1
Magdolene,F,1
Mahnaz,F,1
Mahri,F,1
Maili,F,1
Mairi-Anne,F,1
Mairianne,F,1
Maja,F,1
Makalla,F,1
Malika,F,1
Mamie,F,1
Man,F,1
Mana,F,1
Mandy-Jane,F,1
Maninder,F,1
Manjit,F,1
Manoy,F,1
Manuela,F,1
Mara,F,1
Maranda,F,1
Mararet-Ann,F,1
Marcell,F,1
Marcella,F,1
Marcelle,F,1
Marel,F,1
Marelle,F,1
Maresa,F,1
Marese,F,1
Margaret-Ann,F,1
Margaret-Clare,F,1
Margaret-Louise,F,1
Margarette,F,1
Margarite,F,1
Margot,F,1
Marguerite,F,1
Mari-Louise,F,1
Mariam,F,1
Mariana,F,1
Mariangela,F,1
Mariann,F,1
Maricia,F,1
Marie-Therese,F,1
Marijke,F,1
Marilena,F,1
Marium,F,1
Mark,F,1
Marleen,F,1
Marlowe,F,1
Marni,F,1
Marrian,F,1
Marriann,F,1
Marrisha,F,1
Martha-Anne,F,1
Martie,F,1
Martinique,F,1
Martinne,F,1
Mary-Ann,F,1
Mary-Anne,F,1
Mary-Jane,F,1
Mary-Kate,F,1
Maryam,F,1
Maryanne,F,1
Maryellen,F,1
Marylee,F,1
Marysia,F,1
Masarat,F,1
Mashfuka,F,1
Matilda,F,1
Mawya,F,1
Maya,F,1
Mayva,F,1
Mclenie,F,1
Mechele,F,1
Mechell,F,1
Mechelle,F,1
Meggan,F,1
Meike,F,1
Melannie,F,1
Meldrum,F,1
Melena,F,1
Melike,F,1
Melina,F,1
Melisa,F,1
Mellany,F,1
Mellisa,F,1
Mellissa,F,1
Mercedes,F,1
Mercie,F,1
Meredith,F,1
Merewyn,F,1
Meriel,F,1
Mesaola,F,1
Mhari-Claire,F,1
Mhorag,F,1
Mhoraig,F,1
Miata,F,1
Michell,F,1
Mie,F,1
Mikaela,F,1
Mili,F,1
Minah,F,1
Minna,F,1
Miracle,F,1
Miranda-Jane,F,1
Mirelle,F,1
Mirren,F,1
Misba,F,1
Mischa,F,1
Mohsiha,F,1
Moira-Ann,F,1
Molly,F,1
Mon,F,1
Mona,F,1
Monika,F,1
Monise,F,1
Moragh,F,1
Moreen,F,1
Morena,F,1
Morgane,F,1
Morwenna,F,1
Mounaa,F,1
Moya,F,1
Moya-Louise,F,1
Moyra,F,1
Muireall,F,1
Mumtaz,F,1
Muryum,F,1
Mylene,F,1
Myrene,F,1
Naadein,F,1
Nadelena,F,1
Nadene,F,1
Nadiena,F,1
Nadiya,F,1
Naela,F,1
Naema,F,1
Nahid,F,1
Naidine,F,1
Nan,F,1
Nara,F,1
Nareen,F,1
Nareena,F,1
Nasreen,F,1
Nassima,F,1
Natalee,F,1
Natashia,F,1
Nathalie,F,1
Nathsha,F,1
Naureen,F,1
Naveeda,F,1
Navjit,F,1
Naz,F,1
Nazish,F,1
Nazliawati,F,1
Nazlin,F,1
Neelum,F,1
Negin,F,1
Neilian,F,1
Nejuma,F,1
Nell,F,1
Nellieann,F,1
Nerys,F,1
Nevien,F,1
Niccola,F,1
Nichele,F,1
Nichol,F,1
Nickeata,F,1
Nicki,F,1
Nicol,F,1
Nicola-Anne,F,1
Nicola-Jane,F,1
Nicolla,F,1
Nihala,F,1
Niki,F,1
Nikkola,F,1
Nilani,F,1
Nilanthi,F,1
Niona,F,1
Nisha,F,1
Nkechi,F,1
Noeleen,F,1
Noha,F,1
Noleen,F,1
Nolene,F,1
Noorassihah,F,1
Nora,F,1
Norah,F,1
Norna,F,1
Nosheen,F,1
Noshneen,F,1
Novara,F,1
Nuala,F,1
Nusrat,F,1
Ogoghukwu,F,1
Olga,F,1
Oluwaseun,F,1
Omima,F,1
Omita,F,1
Ona,F,1
Oonagh,F,1
Oriana,F,1
Oriane,F,1
Orla,F,1
Osla,F,1
Pamella,F,1
Parajkevi,F,1
Parminder,F,1
Parveen,F,1
Parvinder,F,1
Parvindera,F,1
Pascale,F,1
Patricia-Anne,F,1
Patsy,F,1
Pei,F,1
Perri,F,1
Perween,F,1
Petrina,F,1
Phillida,F,1
Phillippa,F,1
Pia,F,1
Pietrina,F,1
Pippa,F,1
Pirsharon,F,1
Polly,F,1
Poonam,F,1
Prima,F,1
Pritipal,F,1
Priyanka,F,1
Puja,F,1
Purwinder,F,1
Rabina,F,1
Rachael-Jane,F,1
Rachaela,F,1
Rachel-Jane,F,1
Rachel-Sarah,F,1
Radha,F,1
Raelene,F,1
Rahma,F,1
Rajkamal,F,1
Rajshree,F,1
Rakiya,F,1
Ramona,F,1
Rani,F,1
Rania,F,1
Raquel,F,1
Rasha,F,1
Rashda,F,1
Razwana,F,1
Refiet,F,1
Reina,F,1
Remy,F,1
Rhea,F,1
Rhian,F,1
Rhona-Margaret,F,1
Rhonda-Jane,F,1
Rhondda,F,1
Rianna,F,1
Risha,F,1
Ritu,F,1
Rizwana,F,1
Robyne,F,1
Rocha,F,1
Rohan,F,1
Rohanna,F,1
Roma,F,1
Romana,F,1
Romi,F,1
Rosa,F,1
Rosaline,F,1
Rosamond,F,1
Rosanna,F,1
Rose-Ann,F,1
Rose-Marie,F,1
Rosealine,F,1
Roses,F,1
Rosheen,F,1
Rosie,F,1
Roslin,F,1
Roslind,F,1
Roslynn,F,1
Rowen,F,1
Rowenna,F,1
Roz,F,1
Rozina,F,1
Rozlyn,F,1
Ruaa,F,1
Rubana,F,1
Rubyna,F,1
Ruma,F,1
Rumilah,F,1
Runyararo,F,1
Saadia,F,1
Sabahet,F,1
Sabba,F,1
Sabia,F,1
Sabine,F,1
Sabira,F,1
Sachie,F,1
Saddaf,F,1
Sadiya,F,1
Saema,F,1
Safa,F,1
Sahra,F,1
Sahrah,F,1
Saimah,F,1
Saiman,F,1
Sakina,F,1
Salena,F,1
Salizah,F,1
Salizan,F,1
Sallwa,F,1
Salmin,F,1
Samara,F,1
Samina,F,1
Samiya,F,1
Sanantha,F,1
Sancha,F,1
Sandhya,F,1
Sandi,F,1
Sandie-Anne,F,1
Sandie-Jane,F,1
Sansha,F,1
Sarah-Ann,F,1
Sarah-Gail,F,1
Sarah-Jayne,F,1
Sarah-Louise,F,1
Sarahanne,F,1
Sarahjane,F,1
Saraid,F,1
Sareena,F,1
Sarena,F,1
Sarra,F,1
Sarrah,F,1
Sarroll,F,1
Sarzana,F,1
Satinder,F,1
Satveer,F,1
Satvir,F,1
Savita,F,1
Sayaka,F,1
Seema,F,1
Selena,F,1
Selma,F,1
Semina,F,1
Semira,F,1
Semone,F,1
Seona,F,1
Sereena,F,1
Serina,F,1
Serrena,F,1
Sevgi,F,1
Shabna,F,1
Shabnim,F,1
Shabnum,F,1
Shaghufta,F,1
Shahannah,F,1
Shahida,F,1
Shahina,F,1
Shakuntla,F,1
Shaleen,F,1
Shalena,F,1
Shallon,F,1
Shalon,F,1
Shama,F,1
Shamayla,F,1
Shamlee,F,1
Shana,F,1
Shanaz,F,1
Shane,F,1
Shaney,F,1
Shani,F,1
Shanie,F,1
Shanna,F,1
Shannan,F,1
Shanti,F,1
Sharee,F,1
Shareen,F,1
Sharelle,F,1
Sharen,F,1
Sharis,F,1
Sharlee,F,1
Sharlie,F,1
Sharline,F,1
Sharman,F,1
Sharmin,F,1
Sharne,F,1
Sharon-Leigh,F,1
Sharon-Louise,F,1
Shaunna,F,1
Shawna,F,1
Shawnee,F,1
She,F,1
Sheana,F,1
Sheban,F,1
Sheelagh,F,1
Sheilah,F,1
Sheilian,F,1
Shelby,F,1
Shenaz,F,1
Shereen,F,1
Sheri,F,1
Sherie,F,1
Sherlene,F,1
Sherlenne,F,1
Sherri,F,1
Sherrill,F,1
Sherrin,F,1
Sheryll,F,1
Shezadi,F,1
Shinead,F,1
Shiobhan,F,1
Shirelle,F,1
Shirlene,F,1
Shonna,F,1
Shymla,F,1
Shyrleen,F,1
Sile,F,1
Simeone,F,1
Simitie,F,1
Simon,F,1
Simona,F,1
Sinade,F,1
Sindy,F,1
Siobhann,F,1
Siona,F,1
Sitara,F,1
Sky,F,1
Smera,F,1
Sneh,F,1
Sobia,F,1
Sobrina,F,1
Soha,F,1
Solange,F,1
Soley,F,1
Somar,F,1
Sorcha,F,1
Stefania,F,1
Suann,F,1
Suba,F,1
Sue,F,1
Sui,F,1
Suilven,F,1
Sulafa,F,1
Sumarah,F,1
Sunita,F,1
Sunnifa,F,1
Sunniva,F,1
Sura,F,1
Surann,F,1
Susal,F,1
Sushila,F,1
Susi,F,1
Suvina,F,1
Suzann,F,1
Suzi,F,1
Suzie,F,1
Sybil,F,1
Sylvy,F,1
Syndey,F,1
Tahera,F,1
Tahseen,F,1
Tali,F,1
Tami,F,1
Tamilyn,F,1
Tammalynn,F,1
Tammie-Lee,F,1
Tamsin,F,1
Tamsyn,F,1
Tamzin,F,1
Tania,F,1
Tanith,F,1
Tara-Jane,F,1
Tara-Suzanne,F,1
Tarin,F,1
Tarra,F,1
Tarralee,F,1
Taye,F,1
Tayibah,F,1
Tearlach,F,1
Tehseen,F,1
Telea,F,1
Tena,F,1
Tendai,F,1
Terene,F,1
Teshmim,F,1
Thahira,F,1
Thomasina,F,1
Tiana,F,1
Tiffany,F,1
Tiffiny,F,1
Tina-Ray,F,1
Tolayo,F,1
Toyon,F,1
Tracey-Anne,F,1
Tracey-Louise,F,1
Tracy-Ann,F,1
Tricia,F,1
Trinidad,F,1
Trisha,F,1
Tsui,F,1
Tsumi,F,1
Tusleam,F,1
Umme,F,1
Vadna,F,1
Vaila,F,1
Vanda,F,1
Vanya,F,1
Varie,F,1
Vashti,F,1
Velda,F,1
Verne,F,1
Veronique,F,1
Vesna,F,1
Vidette,F,1
Vidya,F,1
Viktoria,F,1
Vindeya,F,1
Virna,F,1
Vivianne,F,1
Waheeda,F,1
Wasima,F,1
Wei,F,1
Wen,F,1
Wylan,F,1
Wyman,F,1
Xanthe,F,1
Yannina,F,1
Yat,F,1
Yee,F,1
Yonas,F,1
York,F,1
Yuk,F,1
Yuvonne,F,1
Zahida,F,1
Zainab,F,1
Zanna,F,1
Zara-Anne,F,1
Zarlene,F,1
Zelda,F,1
Zenib,F,1
Zia,F,1
Zibya,F,1
Zohia,F,1
Zoie,F,1
Zorina,F,1
Zosia,F,1
Zuleika,F,1
Zuraida,F,1
