Bella,F,326
Luna,F,293
Lola,F,276
Lucy,F,193
Daisy,F,165
Penny,F,163
Stella,F,149
Coco,F,147
Princess,F,147
Mia,F,140
Chloe,F,131
Rosie,F,121
Molly,F,105
Ruby,F,99
Zoey,F,93
Bailey,F,89
Maggie,F,89
Lily,F,88
Lulu,F,87
Cookie,F,86
Sasha,F,86
Sadie,F,84
Riley,F,82
Zoe,F,72
Sophie,F,70
Nala,F,67
Hazel,F,66
Lilly,F,66
Roxy,F,65
Ginger,F,62
Ella,F,61
Olive,F,60
Ellie,F,59
Pepper,F,57
Harley,F,53
Gracie,F,52
Piper,F,48
Scout,F,48
Lady,F,47
Maya,F,47
Honey,F,46
Lexi,F,45
Abby,F,44
Minnie,F,44
Penelope,F,44
Madison,F,43
Khloe,F,42
Phoebe,F,42
Winnie,F,41
Athena,F,40
Charlie,F,40
Layla,F,40
Mimi,F,39
Oreo,F,39
Brooklyn,F,38
Chelsea,F,38
Sky,F,38
Snow,F,37
Annie,F,35
Holly,F,35
Rose,F,35
Shea,F,35
Diamond,F,34
Maddie,F,34
Storm,F,33
Bonnie,F,32
Dixie,F,32
Charlotte,F,31
Frankie,F,31
Nena,F,31
Belle,F,30
Betty,F,30
Pebbles,F,30
Mabel,F,29
Skye,F,29
Willow,F,29
Missy,F,28
Sandy,F,28
Sugar,F,28
Alice,F,26
Callie,F,26
Gigi,F,26
Harper,F,26
Mila,F,26
Millie,F,26
Roxie,F,26
Lacey,F,25
Scarlett,F,25
Xena,F,25
Blue,F,24
Georgia,F,23
Leia,F,23
Mocha,F,23
Trixie,F,23
Delilah,F,22
Emma,F,22
Grace,F,22
Quinn,F,22
Cleo,F,21
Maple,F,21
Olivia,F,21
Pinky,F,21
Angel,F,20
Arya,F,20
Ava,F,20
Baby,F,20
Dakota,F,20
Elsa,F,20
Fiona,F,20
Gypsy,F,20
Hope,F,20
Kiwi,F,20
Marley,F,20
Zelda,F,20
Blu,F,19
Casey,F,19
Gia,F,19
Josie,F,19
Paris,F,19
Sheba,F,19
Violet,F,19
Billie,F,18
Dutchess,F,18
Frida,F,18
Pearl,F,18
Bambi,F,17
Dolly,F,17
Dottie,F,17
Eleanor,F,17
Frances,F,17
Isabella,F,17
Jade,F,17
Pippa,F,17
Samantha,F,17
Sofia,F,17
Star,F,17
Susie,F,17
Willa,F,17
Izzy,F,16
Leila,F,16
Nellie,F,16
Nina,F,16
Ollie,F,16
Poppy,F,16
Shadow,F,16
Unkown,F,16
Zara,F,16
Abigail,F,15
Birdie,F,15
Cleopatra,F,15
Cocoa,F,15
Foxy,F,15
Heidi,F,15
Jane,F,15
Koko,F,15
Linda,F,15
Lucille,F,15
Mochi,F,15
Murphy,F,15
Peaches,F,15
Ripley,F,15
Suki,F,15
April,F,14
Caramel,F,14
Chewy,F,14
Clara,F,14
Edie,F,14
Emmy,F,14
Evie,F,14
Jasmine,F,14
Jessie,F,14
Tiger,F,14
Tinkerbell,F,14
Boo,F,13
Bowie,F,13
Candy,F,13
Chanel,F,13
Cherry,F,13
Cinnamon,F,13
Darla,F,13
Dolce,F,13
Florence,F,13
Gemma,F,13
Hershey,F,13
Jazzy,F,13
June,F,13
Kaya,F,13
Kiki,F,13
Lilo,F,13
Miss,F,13
Misty,F,13
Momo,F,13
Precious,F,13
Remy,F,13
Tori,F,13
Ally,F,12
Amber,F,12
Bear,F,12
Butters,F,12
Cali,F,12
Ginny,F,12
Ivy,F,12
Juno,F,12
Lila,F,12
Lula,F,12
Lyla,F,12
Maddy,F,12
Maisie,F,12
Mary,F,12
May,F,12
Midnight,F,12
Nana,F,12
No,F,12
Pixie,F,12
Priscilla,F,12
Queenie,F,12
Yuki,F,12
Autumn,F,11
Betsy,F,11
Blanca,F,11
Bubbles,F,11
Cora,F,11
Dora,F,11
Duchess,F,11
Fluffy,F,11
Isis,F,11
Kali,F,11
Kira,F,11
Lala,F,11
Loki,F,11
Margot,F,11
Mika,F,11
Milly,F,11
Paisley,F,11
Panda,F,11
Peanut,F,11
Peggy,F,11
Peppa,F,11
Raven,F,11
Romy,F,11
Sally,F,11
Sara,F,11
Scarlet,F,11
Shelby,F,11
Sparkle,F,11
Sunshine,F,11
Suzie,F,11
Aurora,F,10
Buttercup,F,10
Chi,F,10
China,F,10
Clementine,F,10
Darby,F,10
Eva,F,10
Freya,F,10
Gabby,F,10
Goose,F,10
Hailey,F,10
Jazz,F,10
Julep,F,10
Juliet,F,10
Keiko,F,10
Khaleesi,F,10
Koda,F,10
Kona,F,10
Korra,F,10
Leeloo,F,10
Lexie,F,10
Lili,F,10
London,F,10
Lucky,F,10
Maisy,F,10
Maxine,F,10
Perla,F,10
Rey,F,10
Rocky,F,10
Sage,F,10
Tessa,F,10
Zooey,F,10
Allie,F,9
Artemis,F,9
Brandy,F,9
Bunny,F,9
Cassie,F,9
Chewie,F,9
Cindy,F,9
Cricket,F,9
Dulce,F,9
Flora,F,9
Greta,F,9
Jada,F,9
Lali,F,9
Lana,F,9
Liberty,F,9
Louise,F,9
Macy,F,9
Maggi,F,9
Maia,F,9
Mama,F,9
Mango,F,9
Maxie,F,9
Mini,F,9
Moxie,F,9
Noelle,F,9
Nola,F,9
Nova,F,9
Pippi,F,9
Sienna,F,9
Snowflake,F,9
Summer,F,9
Sunday,F,9
Sunny,F,9
Tallulah,F,9
Truffle,F,9
Winter,F,9
Zola,F,9
Amelia,F,8
Biscuit,F,8
Butterscotch,F,8
Cece,F,8
Daphne,F,8
Dory,F,8
Eloise,F,8
Faith,F,8
Fern,F,8
Haley,F,8
Hana,F,8
Hattie,F,8
Hera,F,8
Ivory,F,8
Jelly,F,8
Jennifer,F,8
Jenny,F,8
Jj,F,8
Joy,F,8
Kasey,F,8
Katie,F,8
Kenzie,F,8
Kitsune,F,8
Laska,F,8
Laura,F,8
Lolita,F,8
Magnolia,F,8
Mandy,F,8
Mei,F,8
Mel,F,8
Mellie,F,8
Moose,F,8
Muffin,F,8
Remi,F,8
River,F,8
Ru,F,8
Sassy,F,8
Siena,F,8
Snowy,F,8
Sprout,F,8
Tess,F,8
Ziggy,F,8
Agnes,F,7
Anna,F,7
Apple,F,7
Carmen,F,7
Cooper,F,7
Cupcake,F,7
Darcy,F,7
Diva,F,7
Dulcinea,F,7
Erin,F,7
Fendi,F,7
Genesis,F,7
Girl,F,7
Goldie,F,7
Halo,F,7
Hudson,F,7
Indy,F,7
Isabelle,F,7
Jojo,F,7
Jolie,F,7
Julia,F,7
Juneau,F,7
Kaia,F,7
Kara,F,7
Kelly,F,7
Lea,F,7
Little,F,7
Lupa,F,7
Marni,F,7
Meeko,F,7
Melody,F,7
Miley,F,7
Mookie,F,7
Nyla,F,7
Pandora,F,7
Pelusa,F,7
Queen,F,7
Rory,F,7
Rosy,F,7
Sapphire,F,7
Scully,F,7
Tasha,F,7
Tiffany,F,7
Tiny,F,7
Zena,F,7
-,F,6
Akira,F,6
Alabama,F,6
Alaska,F,6
Amanda,F,6
Angie,F,6
Annabelle,F,6
Aspen,F,6
Bacon,F,6
Bagels,F,6
Bean,F,6
Beatrice,F,6
Becky,F,6
Bibi,F,6
Blossom,F,6
Boots,F,6
Brandi,F,6
Brownie,F,6
Carli,F,6
Carly,F,6
Carmela,F,6
Carolina,F,6
Channel,F,6
Choco,F,6
Cinderella,F,6
Dolla,F,6
Eevee,F,6
Emily,F,6
Emmie,F,6
Ethel,F,6
Franny,F,6
Friday,F,6
Hannah,F,6
Hennessy,F,6
Jackie,F,6
Jam,F,6
Jersey,F,6
Julie,F,6
Kai,F,6
Karma,F,6
Kaylee,F,6
Kimchi,F,6
Kura,F,6
Ladybird,F,6
Latte,F,6
Leah,F,6
Lena,F,6
Libby,F,6
Lilah,F,6
Lucia,F,6
Lucie,F,6
Luka,F,6
Maizie,F,6
Marcy,F,6
Mavis,F,6
Maxi,F,6
Mickey,F,6
Misha,F,6
Mo,F,6
Morgan,F,6
Naya,F,6
Nelly,F,6
Nikita,F,6
Noel,F,6
Norma,F,6
Obi,F,6
Oona,F,6
Pancake,F,6
Pepsi,F,6
Persephone,F,6
Petunia,F,6
Phoenix,F,6
Pip,F,6
Polly,F,6
Pumpkin,F,6
Ramona,F,6
Red,F,6
Roo,F,6
Rooney,F,6
Roux,F,6
Roxi,F,6
Rudy,F,6
Rue,F,6
Sammi,F,6
Savannah,F,6
Simone,F,6
Sophia,F,6
Stevie,F,6
Talia,F,6
Tammy,F,6
Taylor,F,6
Tina,F,6
Tory,F,6
Trinity,F,6
Tula,F,6
Twinkie,F,6
Waffles,F,6
Whiskey,F,6
Zuri,F,6
Abbey,F,5
Addie,F,5
Aggie,F,5
Akemi,F,5
Alpha,F,5
Amy,F,5
Anastasia,F,5
Andrea,F,5
Aphrodite,F,5
Ashes,F,5
Asia,F,5
Asta,F,5
Beauty,F,5
Bell,F,5
Blanche,F,5
Blondie,F,5
Boogie,F,5
Brittany,F,5
Cami,F,5
Canela,F,5
Cedar,F,5
Charlee,F,5
Charley,F,5
Cheyenne,F,5
Chili,F,5
Chuleta,F,5
Colby,F,5
Cotton,F,5
Creepy,F,5
Dani,F,5
Dior,F,5
Ebony,F,5
Egypt,F,5
Esme,F,5
Evelyn,F,5
Farrah,F,5
Fifi,F,5
Geri,F,5
Gina,F,5
Gretel,F,5
Gucci,F,5
Harlow,F,5
Harmony,F,5
Harriet,F,5
Haru,F,5
Henny,F,5
Iris,F,5
Jeter,F,5
Judy,F,5
Karmen,F,5
Kate,F,5
Kaycee,F,5
Kayla,F,5
Kc,F,5
Khole,F,5
Kody,F,5
Kookie,F,5
Lani,F,5
Lassie,F,5
Leilani,F,5
Lexington,F,5
Lexy,F,5
Lizzy,F,5
Lua,F,5
Lucifer,F,5
Luly,F,5
Lyric,F,5
Maci,F,5
Mackenzie,F,5
Marceline,F,5
Margarita,F,5
Matilda,F,5
Mattie,F,5
Meimei,F,5
Monkey,F,5
Nadia,F,5
Nell,F,5
Nessie,F,5
Nia,F,5
Nika,F,5
Nori,F,5
Patsy,F,5
Pickle,F,5
Raspberry,F,5
Rio,F,5
Rosa,F,5
Rosalie,F,5
Sable,F,5
Sakura,F,5
Sam,F,5
Sandie,F,5
Saoirse,F,5
Sarah,F,5
Shakira,F,5
Sheena,F,5
Shiva,F,5
Snowball,F,5
Sydney,F,5
Tammi,F,5
Tesla,F,5
Thea,F,5
Tilly,F,5
Trisha,F,5
Unknow,F,5
Vanilla,F,5
Vera,F,5
Victoria,F,5
Watson,F,5
Wicket,F,5
Wilma,F,5
Yoshi,F,5
Yumi,F,5
A,F,4
Adrian,F,4
Anita,F,4
Baci,F,4
Basil,F,4
Bb,F,4
Beatrix,F,4
Beatriz,F,4
Benson,F,4
Bianca,F,4
Bitsy,F,4
Bonita,F,4
Bori,F,4
Brimmey,F,4
Brooke,F,4
Brooklynn,F,4
Buffy,F,4
Calli,F,4
Carmella,F,4
Cecelia,F,4
Chachi,F,4
Chessie,F,4
Chica,F,4
Chika,F,4
Chula,F,4
Clover,F,4
Destiny,F,4
Doodle,F,4
Dot,F,4
Etta,F,4
Eve,F,4
Foxxy,F,4
Frannie,F,4
Georgie,F,4
Gidget,F,4
Gido,F,4
Gray,F,4
Gretchen,F,4
Grete,F,4
Happy,F,4
Hazelnut,F,4
Helga,F,4
Honeybun,F,4
Indigo,F,4
Isabel,F,4
Java,F,4
Jax,F,4
Jaxi,F,4
Jeta,F,4
Jill,F,4
Juicy,F,4
Juniper,F,4
Jupiter,F,4
Kathie,F,4
Katya,F,4
Kellie,F,4
Kenya,F,4
Kiara,F,4
Kim,F,4
Kitty,F,4
Kong,F,4
Kora,F,4
Kyra,F,4
Ladybug,F,4
Laika,F,4
Lara,F,4
Lemon,F,4
Lisa,F,4
Madden,F,4
Mahi,F,4
Marshmallow,F,4
Max,F,4
Maymay,F,4
Meeka,F,4
Mercy,F,4
Mollie,F,4
Ms.,F,4
Munchkin,F,4
Musmos,F,4
Myrtle,F,4
Mystic,F,4
Nalani,F,4
Neena,F,4
Nymeria,F,4
Ocarina,F,4
Pantera,F,4
Peppi,F,4
Piccolo,F,4
Pickles,F,4
Pimm,F,4
Pinecone,F,4
Prada,F,4
Pretty,F,4
Rae,F,4
Ranae,F,4
Rebecca,F,4
Reign,F,4
Rita,F,4
Rogue,F,4
Rosebud,F,4
Rowan,F,4
Roxanne,F,4
Rubia,F,4
Ryder,F,4
Sachi,F,4
Sailor,F,4
Sarabi,F,4
Sheri,F,4
Shorty,F,4
Sisi,F,4
Sissy,F,4
Smoochie,F,4
Smores,F,4
Snoopy,F,4
Sofie,F,4
Sonya,F,4
Spice,F,4
Suzi,F,4
Tabasco,F,4
Tipsy,F,4
Toast,F,4
Tootie,F,4
Turtledove,F,4
U,F,4
Ulla,F,4
Uma,F,4
Unique,F,4
Valentina,F,4
Vanessa,F,4
Viola,F,4
Yogi,F,4
Yoshe,F,4
Yuka,F,4
Ziva,F,4
Zora,F,4
Zuzu,F,4
Abi,F,3
Addison,F,3
Addy,F,3
Adelaide,F,3
Adella,F,3
Adrienne,F,3
Aeris,F,3
Agathor,F,3
Aida,F,3
Ainsworth,F,3
Akiba,F,3
Alex,F,3
Alley,F,3
Alli,F,3
Allison,F,3
Alma,F,3
Ami,F,3
Amore,F,3
Andouille,F,3
Aniston,F,3
Anja,F,3
Ann,F,3
Anne,F,3
Applemartini,F,3
Archie,F,3
Ari,F,3
Arianna,F,3
Arlo,F,3
Asha,F,3
Astor,F,3
Astrid,F,3
Augiestina,F,3
Avi's,F,3
Aviva,F,3
Avril,F,3
Ayo,F,3
Babs,F,3
Badu,F,3
Bagel,F,3
Balto,F,3
Bama,F,3
Bambina,F,3
Bamboo,F,3
Banana,F,3
Bandie,F,3
Basia,F,3
Batman,F,3
Bea,F,3
Beatha,F,3
Bells,F,3
Belmont,F,3
Belochka,F,3
Benoit,F,3
Berri,F,3
Bettie,F,3
Beverly,F,3
Bigsby,F,3
Bindi,F,3
Bisket,F,3
Blackie,F,3
Blessed,F,3
Bleu,F,3
Blitz,F,3
Bluejean,F,3
Boba,F,3
Bodhi,F,3
Bonbon,F,3
Bonya,F,3
Bree,F,3
Breton,F,3
Brew,F,3
Bristow,F,3
Brook,F,3
Buddy,F,3
Bugs,F,3
Bula,F,3
Buli,F,3
Bunson,F,3
Buster,F,3
Button,F,3
Buttons,F,3
Caché,F,3
Cairo,F,3
Calla,F,3
Camila,F,3
Camote,F,3
Camryn,F,3
Candi,F,3
Candle,F,3
Cannoli,F,3
Carina,F,3
Carlsberg,F,3
Cashew,F,3
Caton,F,3
Ce,F,3
Ceci,F,3
Cecilia,F,3
Ceilidh,F,3
Chalupa,F,3
Champagne,F,3
Chantel,F,3
Chappy,F,3
Charlize,F,3
Charolette,F,3
Chiara,F,3
Chico,F,3
Chipaletta,F,3
Chiqui,F,3
Chocolate,F,3
Chogdee,F,3
Chuui,F,3
Cicciolina-red,F,3
Cissy,F,3
Claddagh,F,3
Clarice,F,3
Clemente,F,3
Cloudy,F,3
Clue,F,3
Cocoberry,F,3
Coconut,F,3
Cody,F,3
Cohi,F,3
Coketa,F,3
Colette,F,3
Coltrane,F,3
Connie,F,3
Copley,F,3
Cosette,F,3
Cosi,F,3
Cosita,F,3
Curry,F,3
Czika,F,3
Dame,F,3
Dash,F,3
Dekota,F,3
Dell,F,3
Desdemona,F,3
Deseree,F,3
Dia,F,3
Ding,F,3
Dixie-boobi,F,3
Dobby,F,3
Dog,F,3
Doong-e,F,3
Doris,F,3
Dribby,F,3
Dudley,F,3
Duke,F,3
Dumpling,F,3
Dusky,F,3
Dusya,F,3
Eden,F,3
Edith,F,3
Effie,F,3
Elizabellah,F,3
Elizabeth,F,3
Ellen,F,3
Ellie/eloise,F,3
Emerald,F,3
Emi,F,3
Emmi,F,3
Empress,F,3
Emy,F,3
Esco,F,3
Espy,F,3
Esther,F,3
Ethyl,F,3
Evangeline,F,3
Fancy,F,3
Fatima,F,3
Faye,F,3
Fenway,F,3
Ffion,F,3
Fhaye,F,3
Fiji,F,3
Finnegan,F,3
Fionna,F,3
Fitzi,F,3
Fiz,F,3
Flossie,F,3
Folly,F,3
Foster,F,3
Francie,F,3
Frank,F,3
Frappe,F,3
Freddie,F,3
Frejya,F,3
Freyja,F,3
Fufa,F,3
Fuji,F,3
Gabana,F,3
Gabi,F,3
Gabriella,F,3
Garbo,F,3
Gem,F,3
Gemmi,F,3
Gene,F,3
Gertie,F,3
Ghenet,F,3
Ghost,F,3
Gigia,F,3
Giselle,F,3
Gnarly,F,3
Goblet,F,3
Goddess,F,3
Graycee,F,3
Grey,F,3
Grimsby,F,3
Grumbles,F,3
Guilietta,F,3
Gwen,F,3
Gypsyrose,F,3
Haida,F,3
Hanako,F,3
Heaven,F,3
Helena,F,3
Henney,F,3
Hettie,F,3
High,F,3
Honnie,F,3
Hunny,F,3
Ida,F,3
Iggy,F,3
Imelda-marcos,F,3
Indie,F,3
Irina,F,3
Irish,F,3
Island,F,3
Islay,F,3
Issa,F,3
Jaguar,F,3
Jasmin,F,3
Jazmine,F,3
Jeanette,F,3
Jem,F,3
Jemma,F,3
Jinpa,F,3
Jofi,F,3
Jojee,F,3
Jolene,F,3
Jordan,F,3
Josephine,F,3
Juanita,F,3
Judge,F,3
Jules,F,3
Julieta,F,3
Junior,F,3
Justice,F,3
K-pop,F,3
Kahlo,F,3
Kahlua,F,3
Kaiser,F,3
Kaley,F,3
Kandi,F,3
Kawaii,F,3
Kayti,F,3
Keava,F,3
Keeley,F,3
Keily,F,3
Kensi,F,3
Kernel,F,3
Kerry,F,3
Kessey,F,3
Khloe-bella,F,3
Khloè,F,3
Kido,F,3
Kiedis,F,3
Kiko,F,3
Kirby,F,3
Kit-kat,F,3
Kizmet,F,3
Kokokong,F,3
Kokomo,F,3
Kona-kaea,F,3
Koukla,F,3
Kudos,F,3
Kurrie,F,3
Kuzy,F,3
Kyla,F,3
Kylie,F,3
Lacie,F,3
Laila,F,3
Lalu,F,3
Larue,F,3
Lela,F,3
Lelani,F,3
Lele,F,3
Leli,F,3
Leni,F,3
Lennox,F,3
Leo,F,3
Lia,F,3
Lilie,F,3
Lindsay,F,3
Lipa,F,3
Liv,F,3
Livia,F,3
Liyah,F,3
Liz,F,3
Liza,F,3
Lizzie,F,3
Lolli,F,3
Lollipop,F,3
Londi,F,3
Lovely,F,3
Luci,F,3
Lucrezia,F,3
Lucy-lu,F,3
Luffy,F,3
Lyalya,F,3
Lychee,F,3
Lylia,F,3
Lynnen,F,3
Lyra,F,3
Ma-ali,F,3
Mable,F,3
Mae,F,3
Maeby,F,3
Maja,F,3
Malificent,F,3
Malta,F,3
Malva,F,3
Mancha,F,3
Manchita,F,3
Marie,F,3
Marla,F,3
Marnie,F,3
Marshmellow,F,3
Marty,F,3
Maryjane,F,3
Matcha,F,3
Mathilda,F,3
Maui,F,3
Mazy,F,3
Meg,F,3
Melani,F,3
Meleena,F,3
Melinka,F,3
Melly,F,3
Menina,F,3
Mi,F,3
Michelle,F,3
Micke,F,3
Miko,F,3
Milagros,F,3
Milka,F,3
Milo,F,3
Mimie,F,3
Mimsy,F,3
Mina,F,3
Mindi,F,3
Minions,F,3
Mirana,F,3
Mitzi,F,3
Moa,F,3
Moby,F,3
Moca,F,3
Moet,F,3
Molli,F,3
Monet,F,3
Monica,F,3
Monroe,F,3
Monster,F,3
Montauk,F,3
Moppsie,F,3
Mra,F,3
Mrs.,F,3
Muimui,F,3
Mula,F,3
Muneca,F,3
Muppet,F,3
My,F,3
Mystique-missy,F,3
Naillah,F,3
Naina,F,3
Nairobi,F,3
Nalah,F,3
Nami,F,3
Nan,F,3
Naomi,F,3
Nara,F,3
Natasha,F,3
Nayna,F,3
Neguis,F,3
Nela,F,3
Nella,F,3
Nellabell,F,3
Nickles,F,3
Nicola,F,3
Nikki,F,3
Nila,F,3
Ninnie,F,3
Nittylee,F,3
Niuniu,F,3
Nugget,F,3
Ocean,F,3
Ohren,F,3
Onyx,F,3
Ophelia,F,3
Osum,F,3
Paige,F,3
Pamuk,F,3
Papagena,F,3
Paradise,F,3
Parker,F,3
Patches,F,3
Patton,F,3
Patty,F,3
Pavel,F,3
Payton,F,3
Peach,F,3
Pearla,F,3
Pebble,F,3
Pebblez,F,3
Pecan,F,3
Penache,F,3
Pennylain,F,3
Peppy,F,3
Perry,F,3
Petra,F,3
Phaedra,F,3
Piggy,F,3
Pinon,F,3
Pitsy,F,3
Pokaz,F,3
Popo,F,3
Porpentina,F,3
Posey,F,3
Posie,F,3
Potter,F,3
Precie,F,3
Pretzel,F,3
Primrose,F,3
Prudie,F,3
Puffy,F,3
Puma,F,3
Pumba,F,3
Pyrrha,F,3
Qing,F,3
Rahzel,F,3
Raki,F,3
Rami,F,3
Ranger,F,3
Raya,F,3
Reagan,F,3
Reba,F,3
Reece,F,3
Reese,F,3
Regan,F,3
Rei,F,3
Reina,F,3
Rin,F,3
Riva,F,3
Rivington,F,3
Roberta,F,3
Robin,F,3
Rochelle,F,3
Rockie,F,3
Rocsi,F,3
Roisin,F,3
Roka,F,3
Rollie,F,3
Ronnie,F,3
Rowley,F,3
Rubi,F,3
Rumi,F,3
Runa,F,3
Ruth,F,3
Rye,F,3
Rylee,F,3
Saatchi,F,3
Sake,F,3
Saki,F,3
Salsa,F,3
Sami,F,3
Sammie,F,3
Sappho,F,3
Saranda,F,3
Sashabelle,F,3
Saskia,F,3
Satsha,F,3
Saylor,F,3
Schatzi,F,3
Schmutzy,F,3
Schnapps,F,3
Scraps,F,3
Seargent,F,3
Seehe,F,3
Seneca,F,3
Sequoia,F,3
Serena,F,3
Serket,F,3
Sesame,F,3
Shae'lyn,F,3
Shallot,F,3
Shanny,F,3
Shay,F,3
Shayna,F,3
Sheila,F,3
Sherbet,F,3
Sherman,F,3
Shia,F,3
Shimmer,F,3
Shirley,F,3
Shoko,F,3
Shoo,F,3
Shoshana,F,3
Siesta,F,3
Sindoo,F,3
Siri,F,3
Skunky,F,3
Skyla,F,3
Skylar,F,3
Slim,F,3
Snacks,F,3
Snapdragon,F,3
Snapple,F,3
Snickers,F,3
Snortle,F,3
Sofi,F,3
Sol,F,3
Solo,F,3
Sona,F,3
Sonia,F,3
Sonny,F,3
Soomsoom,F,3
Sora,F,3
Southie,F,3
Spaghetti,F,3
Stitch,F,3
Sumo,F,3
Surf,F,3
Susana,F,3
Sweetpea,F,3
Syrup,F,3
Tabitha,F,3
Tagliatelle,F,3
Taina,F,3
Taki,F,3
Tallinna,F,3
Talulah,F,3
Tanana,F,3
Tania,F,3
Tansy,F,3
Tanya,F,3
Tao,F,3
Taxi,F,3
Tecumseh,F,3
Teddie,F,3
Tegan,F,3
Tena,F,3
Tequila,F,3
Tete,F,3
Thelma,F,3
Thira,F,3
Thumbelina,F,3
Tiana,F,3
Tibby,F,3
Tica,F,3
Tigger,F,3
Tiki,F,3
Tillie,F,3
Tinker,F,3
Tita,F,3
Tobey,F,3
Tongee,F,3
Tova,F,3
Trece,F,3
Tribecca,F,3
Triscuit,F,3
Trudie,F,3
Trufa,F,3
Tuesday,F,3
Tui,F,3
Twilight,F,3
Tyara,F,3
Ula,F,3
Umeko,F,3
Uni,F,3
Vanellope,F,3
Velvet,F,3
Venticalmi,F,3
Viciosa,F,3
Vida,F,3
Vinci,F,3
Vinny,F,3
Vivi,F,3
Wan,F,3
Watermelon,F,3
Watney,F,3
Whitey,F,3
Whitney,F,3
Windsor,F,3
Wiski,F,3
Wispa,F,3
Wonton,F,3
Wynnie,F,3
Yamilla,F,3
Yeah,F,3
Yetta,F,3
Yoko,F,3
Yuca,F,3
Zapata,F,3
Zaria,F,3
Zarina,F,3
Zeda,F,3
Zeena,F,3
Zeki,F,3
Zeppelin,F,3
Ziba,F,3
Ziggler,F,3
Zion,F,3
--,F,2
2003-08-13t00:00:00.000,F,2
Abigael,F,2
Abril,F,2
Ada,F,2
Ainsley,F,2
Aisa,F,2
Alba,F,2
Alexandra,F,2
Alfie,F,2
Alison,F,2
Alistair,F,2
Amarula,F,2
Ameilia,F,2
Anabel,F,2
Anabelle,F,2
Andora,F,2
Angela,F,2
Anise,F,2
Anistasia,F,2
Anniston,F,2
Anya,F,2
Aqua,F,2
Ariel,F,2
Arwen,F,2
Aster,F,2
Atwood,F,2
Auburn,F,2
Audrey,F,2
Augusta,F,2
Auna,F,2
Aura,F,2
Aya,F,2
Azalea,F,2
Azula,F,2
Babka,F,2
Bae,F,2
Ballerina,F,2
Bandit,F,2
Banksy,F,2
Barbara,F,2
Barley,F,2
Baylene,F,2
Bayles,F,2
Beacon,F,2
Beans,F,2
Beauti,F,2
Becca,F,2
Bee,F,2
Beethoven,F,2
Beezus,F,2
Bellah,F,2
Benji,F,2
Bentley,F,2
Beti,F,2
Betsie,F,2
Biggie,F,2
Bila,F,2
Binghi,F,2
Bits,F,2
Blake,F,2
Blare,F,2
Bless,F,2
Bloo,F,2
Blueberry,F,2
Blueivy,F,2
Bobbi,F,2
Bomee,F,2
Boston,F,2
Bow,F,2
Boy,F,2
Bradleigh,F,2
Brealynn,F,2
Breeze,F,2
Breezie,F,2
Brie,F,2
Brielle,F,2
Brinkley,F,2
Brit,F,2
Bubby,F,2
Bun,F,2
Cache,F,2
Calamity,F,2
Calie,F,2
Candice,F,2
Cane,F,2
Carol,F,2
Cassidy,F,2
Cat,F,2
Cayenne,F,2
Celeste,F,2
Celia,F,2
Chaca,F,2
Champ,F,2
Chandler,F,2
Chappie,F,2
Charlemagne,F,2
Charli,F,2
Chase,F,2
Chastity,F,2
Cheba,F,2
Cheche,F,2
Cherokee,F,2
Chester,F,2
Chevah,F,2
Chewbaccca,F,2
Cheza,F,2
Chezza,F,2
Chicha,F,2
Chicken,F,2
Chihiro,F,2
Chinta,F,2
Chique,F,2
Chiquita,F,2
Cholula,F,2
Choupi,F,2
Chuli,F,2
Chyna,F,2
Cici,F,2
Cinta,F,2
Cleapatra,F,2
Cloey,F,2
Coffee,F,2
Colbie,F,2
Cooki,F,2
Corazon,F,2
Country,F,2
Cowy,F,2
Cranberry,F,2
Creamy,F,2
Creed,F,2
Crumpet,F,2
Crystal,F,2
Cukis,F,2
Cupcakes,F,2
Curly,F,2
Cynthia,F,2
D.o.g.,F,2
Da,F,2
Daffodil,F,2
Daisie,F,2
Dali,F,2
Dana,F,2
Dancer,F,2
Danger,F,2
Daniela,F,2
Darwyn,F,2
Dasher,F,2
Debbie,F,2
Deborah,F,2
Dede,F,2
Deizi,F,2
Deja,F,2
Devlin,F,2
Digby,F,2
Diksha,F,2
Dilah,F,2
Dingo,F,2
Disco,F,2
Divya,F,2
Doetee,F,2
Dong,F,2
Donna,F,2
Donuts,F,2
Doobie,F,2
Dorian,F,2
Dotti,F,2
Dove,F,2
Drusilla,F,2
Duma,F,2
Dynamite,F,2
Dyson,F,2
Eggplant,F,2
El,F,2
Elle,F,2
Elliey,F,2
Ellis,F,2
Elmira,F,2
Elmyra,F,2
Elwood,F,2
Elyse,F,2
Emmylou,F,2
Enzo,F,2
Epsilon,F,2
Essie,F,2
Esso,F,2
Estelle,F,2
Esti,F,2
Evee,F,2
Evita,F,2
Fagin,F,2
Fathocha,F,2
Fefe,F,2
Felicia,F,2
Felicity,F,2
Fettuccini,F,2
Fidora,F,2
Finley,F,2
Fiscal,F,2
Forest,F,2
Foxeen,F,2
Francine,F,2
Fraulein,F,2
Freeya,F,2
Fresa,F,2
Frieda,F,2
Fufi,F,2
Fushimi,F,2
Fussy,F,2
Future,F,2
Gabbie,F,2
Gamora,F,2
Ganache,F,2
Gecko,F,2
Geneva,F,2
Gesture,F,2
Ggachi,F,2
Giger,F,2
Gilbert,F,2
Gilly,F,2
Gizmo,F,2
Glen,F,2
Gouda,F,2
Guinevere,F,2
Guinness,F,2
Gumdrop,F,2
Halle,F,2
Hampton,F,2
Hank,F,2
Hansel,F,2
Harlee,F,2
Harley-quinn,F,2
Harrison,F,2
Hart,F,2
Harve,F,2
Haylee,F,2
Hayley,F,2
Haze,F,2
Hedda,F,2
Helen,F,2
Henley,F,2
Hennessey,F,2
Henry,F,2
Hermine,F,2
Himmel,F,2
Hodor,F,2
Holiday,F,2
Hollie,F,2
Hompton,F,2
Hova,F,2
Hrdest,F,2
Hulu,F,2
Hunter,F,2
Huntie,F,2
Ice,F,2
Ikki,F,2
Imani,F,2
Inda,F,2
India,F,2
Inna,F,2
Ira,F,2
Irma,F,2
Iseballa,F,2
Isla,F,2
Itty,F,2
Jacqueline,F,2
Jado,F,2
Jaezi,F,2
Janet,F,2
Jaquita,F,2
Jasimine,F,2
Jay,F,2
Jello,F,2
Jess,F,2
Jesse,F,2
Jessy,F,2
Jetta,F,2
Jezebel,F,2
Jiffy,F,2
Jilly,F,2
Joanna,F,2
Joany,F,2
Joelie,F,2
Joey,F,2
Josey,F,2
Joules,F,2
Joy-joy,F,2
Jude,F,2
Juju,F,2
Junie,F,2
Kalani,F,2
Kaleia,F,2
Kalliope,F,2
Karly,F,2
Karolina,F,2
Karrie,F,2
Katara,F,2
Katarah,F,2
Katla,F,2
Keekee,F,2
Keeva,F,2
Keka,F,2
Kensie,F,2
Kenzi,F,2
Keri,F,2
Khemora,F,2
Kiera,F,2
Kieth,F,2
Killa,F,2
Kimba,F,2
Kimchee,F,2
Kinara,F,2
Kindred,F,2
Kinu,F,2
Kirbi,F,2
Kita,F,2
Kittie,F,2
Kix,F,2
Kloee,F,2
Klondike,F,2
Kuma,F,2
Kumi,F,2
Kuzya,F,2
Ladie,F,2
Laksa,F,2
Lamia,F,2
Lark,F,2
Laylonnie,F,2
Leela,F,2
Leena,F,2
Leika,F,2
Lenny,F,2
Lexa,F,2
Liah,F,2
Lil,F,2
Lilliana,F,2
Lilu,F,2
Liquor,F,2
Lissy,F,2
Lolly,F,2
Loquita,F,2
Lord,F,2
Lory,F,2
Louisa,F,2
Louisiana,F,2
Loulou,F,2
Lovley,F,2
Loyal,F,2
Luca,F,2
Lujah,F,2
Lumiere,F,2
Luna`,F,2
Lune,F,2
Lupita,F,2
Lux,F,2
Lymeria,F,2
Lyn,F,2
Lynn,F,2
Ma,F,2
Macee,F,2
Madelyn,F,2
Madge,F,2
Maera,F,2
Mafalda,F,2
Maggiemae,F,2
Maggy,F,2
Maizey,F,2
Majesty,F,2
Makayla,F,2
Malka,F,2
Mallory,F,2
Malory,F,2
Mandolin,F,2
Mandoo,F,2
Mao,F,2
Marchita,F,2
Maribell,F,2
Marina,F,2
Marlene,F,2
Marli,F,2
Marlo,F,2
Marlow,F,2
Marlowe,F,2
Masha,F,2
Mate,F,2
Mazzy,F,2
Mc,F,2
Meatball,F,2
Meendy,F,2
Mela,F,2
Memphis,F,2
Mennie,F,2
Merlin,F,2
Merri,F,2
Meryl,F,2
Mesa,F,2
Met,F,2
Mhysa,F,2
Michi,F,2
Mija,F,2
Mildred,F,2
Milk,F,2
Milkshake,F,2
Milliewauke,F,2
Mimsi,F,2
Mindy,F,2
Minou,F,2
Mira,F,2
Mirabelle,F,2
Miracle,F,2
Mireu,F,2
Mishka,F,2
Miska,F,2
Miso,F,2
Mogwai,F,2
Moji,F,2
Mollly,F,2
Mona,F,2
Monaco,F,2
Monah,F,2
Moncai,F,2
Monique,F,2
Montana,F,2
Moonstone,F,2
Morty,F,2
Moshi,F,2
Motoko,F,2
Murray,F,2
Nahla,F,2
Naoise,F,2
Nariah,F,2
Navy,F,2
Negrita,F,2
Neso,F,2
Neta,F,2
Nilla,F,2
Nima,F,2
Nn,F,2
Noir,F,2
Nomi,F,2
Noodles,F,2
Nora,F,2
Nubia,F,2
Nubie,F,2
Nuni,F,2
Nyah,F,2
Nyisha,F,2
Nylah,F,2
Nyx,F,2
Oceana,F,2
Octavia,F,2
Odie,F,2
Ofelia,F,2
Ohana,F,2
Oinkie,F,2
Oogiyah,F,2
Orie,F,2
Oyo,F,2
Palmira,F,2
Pam,F,2
Pancakes,F,2
Pancho,F,2
Paulie,F,2
Paxton,F,2
Pekoe,F,2
Pepe,F,2
Pepi,F,2
Peregrine,F,2
Peridot,F,2
Perri,F,2
Petrie,F,2
Peyton,F,2
Philo,F,2
Piele,F,2
Pikachu,F,2
Pinot,F,2
Pipa,F,2
Pippin,F,2
Piton,F,2
Plum,F,2
Pomeranian,F,2
Ponti,F,2
Pooh,F,2
Pookie,F,2
Porridge,F,2
Porsha,F,2
Portia,F,2
Pounder,F,2
Pretti,F,2
Promise,F,2
Prudence,F,2
Puchis,F,2
Puchy,F,2
Pudge,F,2
Pudgie,F,2
Puggles,F,2
Punim,F,2
Puppy,F,2
Putty,F,2
Queeny,F,2
Rachel,F,2
Radost,F,2
Raina,F,2
Raisin,F,2
Raksha,F,2
Raleigh-magnolia,F,2
Randi,F,2
Ranea,F,2
Rani,F,2
Ressie,F,2
Reya,F,2
Reyna,F,2
Rhea,F,2
Rhoda,F,2
Rhoe,F,2
Riply,F,2
Rivi,F,2
Rocket,F,2
Rolly,F,2
Rootbear,F,2
Rosabell,F,2
Rosalynn,F,2
Rosemary,F,2
Rosetta,F,2
Rousey,F,2
Rumble,F,2
Rusty,F,2
Ruthila,F,2
Sadira,F,2
Sahara,F,2
Sahsa,F,2
Samira,F,2
Samoa,F,2
Sandee,F,2
Sarrang,F,2
Schnitzie,F,2
Schuyler,F,2
Selena,F,2
Senna,F,2
Senta,F,2
Serenity,F,2
Shade,F,2
Shaera,F,2
Shaggy,F,2
Shai,F,2
Shanti,F,2
Shasa,F,2
Sheeba,F,2
Sheeng,F,2
Sheldon,F,2
Shelly,F,2
Shyla,F,2
Si,F,2
Sid,F,2
Simee,F,2
Sindi,F,2
Skyler,F,2
Smiley,F,2
Sneakers,F,2
Snickerdoodle,F,2
Snowbell,F,2
Snowbelle,F,2
Snuggles,F,2
Sodapop,F,2
Solange,F,2
Solita,F,2
Somi,F,2
Sonja,F,2
Sony,F,2
Sookie,F,2
Sophy,F,2
Sossie,F,2
Sparky,F,2
Speckles,F,2
Sperry,F,2
Sprinkles,F,2
Squishy,F,2
Stache,F,2
Starburst,F,2
Starlight,F,2
Stormy,F,2
Strippy,F,2
Stritch,F,2
Su,F,2
Suez,F,2
Suger,F,2
Susan,F,2
Sushi,F,2
Susu,F,2
Sweet,F,2
Sweety,F,2
Sybil,F,2
Taffy,F,2
Tahj,F,2
Taiga,F,2
Tali,F,2
Tally,F,2
Tang,F,2
Tangdui,F,2
Tanna,F,2
Tara,F,2
Tatiana,F,2
Taz,F,2
Tehya,F,2
Telyza,F,2
Tempo,F,2
Thalia,F,2
Thatcher,F,2
Theenie,F,2
Thibodaux,F,2
Thottie,F,2
Tia,F,2
Tiff,F,2
Tifton,F,2
Tink,F,2
Tinsley,F,2
Titina,F,2
Toboggan,F,2
Toni,F,2
Tonkatsu,F,2
Tonya,F,2
Tootsie,F,2
Topanga,F,2
Treasure,F,2
Tricky,F,2
Triny,F,2
Trish,F,2
Trotsky,F,2
Trunks,F,2
Tulip,F,2
Tully,F,2
Tuna,F,2
Twinkle,F,2
Twix,F,2
Twizzler,F,2
Unica,F,2
Unknoiwn,F,2
Unknwon,F,2
Uschi,F,2
Utah,F,2
Utica,F,2
Vargas,F,2
Venus,F,2
Veronica,F,2
Vidia,F,2
Vinnie,F,2
Violetta,F,2
Viper,F,2
Vivian,F,2
Walla,F,2
Wallis,F,2
Wally,F,2
Wednesday,F,2
Weezy,F,2
Wendy,F,2
Whimsy,F,2
Widow,F,2
Wifi,F,2
Williow,F,2
Winky,F,2
Winnnie,F,2
Winona,F,2
Winslow,F,2
Wren,F,2
Xaria,F,2
Xiomara,F,2
Yala,F,2
Yan,F,2
Yara,F,2
Yogurt,F,2
Yoyo,F,2
Yulmoo,F,2
Zadie,F,2
Zowie,F,2
Zoye,F,2
Zsa,F,2
Zusa,F,2
---,F,1
2005-08-19t00:00:00.000,F,1
Abbie,F,1
Abeja,F,1
Adeline,F,1
Agatha,F,1
Agustina,F,1
Aislinn,F,1
Aj,F,1
Akela,F,1
Alana,F,1
Alayah,F,1
Allegra,F,1
Almond,F,1
Alyvia,F,1
Al_bina,F,1
Amaya,F,1
Andrina,F,1
Angelica,F,1
Angelina,F,1
Angelique,F,1
Argile,F,1
Arie,F,1
Ashay,F,1
Assata,F,1
Atti,F,1
Attina,F,1
Aubrey,F,1
Ausha,F,1
Axel,F,1
Ayla,F,1
Bagira,F,1
Bailee,F,1
Bala,F,1
Bambii,F,1
Bao,F,1
Barkley,F,1
Batty,F,1
Bazooka,F,1
Bebe,F,1
Beecher,F,1
Bennett,F,1
Bernie,F,1
Bertie,F,1
Bessie,F,1
Bety,F,1
Bey,F,1
Bichon,F,1
Billy,F,1
Birdy,F,1
Blaze,F,1
Bliss,F,1
Bloom,F,1
Bo,F,1
Bombon,F,1
Bonny,F,1
Booma,F,1
Bootseze,F,1
Bossy,F,1
Briany,F,1
Bridgette,F,1
Brigitte,F,1
Brillo,F,1
Brisa,F,1
Bristol,F,1
Britney,F,1
Britt,F,1
Brody,F,1
Broken,F,1
Bronx,F,1
Bug,F,1
Bumblebee,F,1
Busy,F,1
Cachita,F,1
Cameron,F,1
Caona,F,1
Cardelia,F,1
Cardi,F,1
Cassandra,F,1
Cautious,F,1
Cava,F,1
Chaerlene,F,1
Chanell,F,1
Chanie,F,1
Chardonnay,F,1
Charity,F,1
Charlye,F,1
Che,F,1
Cheri,F,1
Chewbacca,F,1
Chikita,F,1
Chips,F,1
Chlo'e,F,1
Chocolat,F,1
Chole,F,1
Chuchis,F,1
Chucho,F,1
Citrine,F,1
Cj,F,1
Cloe,F,1
Co,F,1
Collette,F,1
Comet,F,1
Coral,F,1
Cordelia,F,1
Crumb,F,1
Cuddles,F,1
Cutie,F,1
D,F,1
D.,F,1
Dania,F,1
Daniel,F,1
Darlene,F,1
Dee,F,1
Delta,F,1
Dipsy,F,1
Dolores,F,1
Domino,F,1
Dona,F,1
Donut,F,1
Doodles,F,1
Dorthy,F,1
Dream,F,1
Dreamer,F,1
Ducky,F,1
Dumai,F,1
E,F,1
Echo,F,1
Eduarda,F,1
Egg,F,1
Elois,F,1
Elsie,F,1
Emadam,F,1
Ember,F,1
Emerenciana,F,1
Essence,F,1
Essess,F,1
Estrella,F,1
Ezmae,F,1
Farah,F,1
Feifei,F,1
Flopsie,F,1
Flossy,F,1
Franchesca,F,1
Francis,F,1
Franklin,F,1
Gala,F,1
Gino,F,1
Gioia,F,1
Giovanna,F,1
Giszelle,F,1
Giuseppe,F,1
Glamour,F,1
Glashka,F,1
Glo,F,1
Glory,F,1
Gnocchi,F,1
Golden,F,1
Gorgeous,F,1
Guera,F,1
Guri,F,1
Haisel,F,1
Hamilton,F,1
Hannalore,F,1
Hanul,F,1
Harbour,F,1
Harlem,F,1
Hashbrown,F,1
Havana,F,1
Hawaii,F,1
Hazel-berri,F,1
Heiress,F,1
Hen,F,1
Hershie,F,1
Holland,F,1
Honey-comb,F,1
Hoppy,F,1
Hopscotch,F,1
Hot,F,1
Ima,F,1
Imli,F,1
Inanna,F,1
Inara,F,1
Indiana,F,1
Irie,F,1
J.j,F,1
Jacky,F,1
Jamaica,F,1
Jamon,F,1
Janis,F,1
January,F,1
Jany,F,1
Janys,F,1
Jc,F,1
Jeanie,F,1
Jeezy,F,1
Jeyran,F,1
Jezza,F,1
Jindy,F,1
Jody,F,1
Jordie,F,1
Joselyn,F,1
Journi,F,1
Ju-ju,F,1
Juliana,F,1
Julianna,F,1
Juliette,F,1
Julip,F,1
Junebug,F,1
Kale,F,1
Kansas,F,1
Karime,F,1
Kassie,F,1
Kattie,F,1
Katy,F,1
Kaui,F,1
Keke,F,1
Kelsey,F,1
Kennedy,F,1
Khali,F,1
Khlob,F,1
Kimbella,F,1
Kioshi,F,1
Kkami,F,1
Kleine,F,1
Klovy,F,1
Kochi,F,1
Koffe,F,1
Koka,F,1
Kola,F,1
Kristee,F,1
Lane,F,1
Lapis,F,1
Lay,F,1
Layka,F,1
Lecia,F,1
Lenore,F,1
Leslie,F,1
Lexis,F,1
Lianna,F,1
Lilac,F,1
Lilian,F,1
Lilli,F,1
Lillie,F,1
Lime,F,1
Lin,F,1
Lola-nena,F,1
Lottie,F,1
Lou,F,1
Love,F,1
Lundy,F,1
Lyrica,F,1
Macarena,F,1
Maeve,F,1
Magic,F,1
Mala,F,1
Maliah,F,1
Mamas,F,1
Maples,F,1
Mara,F,1
Marabou,F,1
Marble,F,1
Margaret,F,1
Marion,F,1
Martha,F,1
Martinez,F,1
Maruka,F,1
Marzi,F,1
Matterhorn,F,1
Maude,F,1
Meatloaf,F,1
Medius,F,1
Megara,F,1
Meli,F,1
Melindi,F,1
Melissa,F,1
Mello,F,1
Melo,F,1
Meringue,F,1
Merlot,F,1
Merry,F,1
Michell,F,1
Michonne,F,1
Miga,F,1
Miho,F,1
Mimy,F,1
Minerva,F,1
Miranda,F,1
Miro,F,1
Missie,F,1
Mitsu,F,1
Mj,F,1
Mokka,F,1
Moo,F,1
Moon,F,1
Mopsy,F,1
Morning,F,1
Morticia,F,1
Moxy,F,1
Ms.puggy,F,1
Muriel,F,1
Nadine,F,1
Nalu,F,1
Nessa,F,1
Niagra,F,1
Nibbler,F,1
Nico,F,1
Niki,F,1
Nippet,F,1
Nix,F,1
Noodle,F,1
Nuda,F,1
Nunu,F,1
Nyla-kay,F,1
Nymph,F,1
Olena,F,1
Orchid,F,1
Paka,F,1
Pammy,F,1
Parsley,F,1
Passion,F,1
Passionfruit,F,1
Pax,F,1
Peanelopea,F,1
Pepita,F,1
Perfect,F,1
Peri,F,1
Petee,F,1
Phebe,F,1
Pig,F,1
Pika,F,1
Pilly,F,1
Pistol,F,1
Po,F,1
Pockets,F,1
Podo,F,1
Pom,F,1
Poodle,F,1
Popcorn,F,1
Popi,F,1
Porkchop,F,1
Potato,F,1
Princesa,F,1
Prissy,F,1
Puck,F,1
Puggle,F,1
Puppys,F,1
Pyrat,F,1
Rainbow,F,1
Raleigh,F,1
Rapunzel,F,1
Reesie,F,1
Regal,F,1
Reilly,F,1
Renata,F,1
Renny,F,1
Richie,F,1
Rika,F,1
Rimini,F,1
Rina,F,1
Rocki,F,1
Rocksie,F,1
Rodion,F,1
Rosalita,F,1
Rosemarie,F,1
Roxxy,F,1
Rozalina,F,1
Runner,F,1
Rutgers,F,1
Ruttie,F,1
Sa$$y,F,1
Sade,F,1
Saffy,F,1
Salma,F,1
Sammy,F,1
Samy,F,1
Sarafina,F,1
Sarang,F,1
Sassi,F,1
Satin,F,1
Satisha,F,1
Savee,F,1
Scamp,F,1
Scando,F,1
Sensa,F,1
Seydi,F,1
Shana,F,1
Shayla,F,1
Sheridan,F,1
Sherry,F,1
Sheshee,F,1
Shieva,F,1
Shiloh,F,1
Sia,F,1
Siggy,F,1
Simba,F,1
Sirena,F,1
Sklya,F,1
Sloan,F,1
Sloane,F,1
Soya,F,1
Sparkles,F,1
Special,F,1
Sphinxy,F,1
Spot,F,1
Starfish,F,1
Steffi,F,1
Stony,F,1
Strawberry,F,1
Summit,F,1
Superstar,F,1
Suri,F,1
Sussy,F,1
Suzzy,F,1
Symba,F,1
Syrah,F,1
T.j.,F,1
Tabata,F,1
Tamara,F,1
Tandy,F,1
Tank,F,1
Taraji,F,1
Taro,F,1
Tba,F,1
Tea,F,1
Ted,F,1
Teddy,F,1
Teddybearshitzumix,F,1
Teriyaki,F,1
Tika,F,1
Tilden,F,1
Tiller,F,1
Tima,F,1
Tippy,F,1
Titi,F,1
Tiya,F,1
Tjuta,F,1
Torricelli,F,1
Toto,F,1
Troublez,F,1
Tux,F,1
Tyra,F,1
Unkwown,F,1
Vader,F,1
Vegas,F,1
Veggieburger,F,1
Venice,F,1
Vilma,F,1
Vita,F,1
Walnut,F,1
Wanda,F,1
Wang,F,1
Waverly,F,1
White,F,1
Wiggles,F,1
Windy,F,1
Wynter,F,1
Yam,F,1
Yanyan,F,1
Yofi,F,1
Yorkshire,F,1
Yuan,F,1
Yuna,F,1
Zariah,F,1
Zen,F,1
Zhuchka,F,1
Zira,F,1
Zoiie,F,1
Zoopie,F,1
Zulu,F,1
Max,M,321
Charlie,M,261
Rocky,M,233
Toby,M,188
Teddy,M,187
Milo,M,162
Buddy,M,150
Oliver,M,146
Lucky,M,138
King,M,136
Leo,M,135
Cooper,M,119
Prince,M,116
Blue,M,109
Jax,M,103
Bruno,M,98
Louie,M,98
Jack,M,96
Zeus,M,96
Bentley,M,89
Gizmo,M,80
Benji,M,78
Oscar,M,77
Thor,M,76
Duke,M,75
Bailey,M,72
Bear,M,72
Oreo,M,72
Coco,M,66
Shadow,M,66
Henry,M,63
Chase,M,62
Cody,M,62
Buster,M,61
Rocco,M,61
Ollie,M,60
Hudson,M,58
Riley,M,58
Bruce,M,57
Jackson,M,57
Jasper,M,57
George,M,51
Otis,M,51
Ace,M,50
Apollo,M,50
Jake,M,50
Hercules,M,49
Loki,M,49
Rex,M,49
Simba,M,49
Tyson,M,48
Ziggy,M,47
Bandit,M,46
Dexter,M,46
Finn,M,46
Hunter,M,46
Otto,M,46
Unkown,M,45
Rusty,M,44
Mickey,M,43
Chester,M,42
Biscuit,M,41
Winston,M,41
Tucker,M,40
Baxter,M,39
Harley,M,39
Maximus,M,39
Sparky,M,39
Peanut,M,38
Sammy,M,37
Diesel,M,36
Gus,M,36
Rambo,M,36
Frankie,M,35
Mason,M,35
Murphy,M,35
Archie,M,34
Cash,M,34
Franklin,M,34
Hugo,M,34
Romeo,M,34
Sam,M,34
Arlo,M,33
Blu,M,33
Brownie,M,33
Fluffy,M,33
Harry,M,33
Luke,M,33
Benny,M,32
Bobby,M,32
Brooklyn,M,32
Joey,M,32
Kobe,M,32
Rocket,M,32
Theodore,M,32
Yogi,M,32
Alfie,M,31
Mr.,M,31
Smokey,M,30
Onyx,M,29
Rudy,M,29
Scout,M,29
Theo,M,29
Duncan,M,28
Marley,M,28
Wally,M,28
Chewy,M,27
Chip,M,27
Parker,M,27
Spike,M,27
Logan,M,26
Rufus,M,26
Gatsby,M,25
Lincoln,M,25
Chewie,M,24
Nemo,M,24
Odin,M,24
Tony,M,24
Boomer,M,23
Monty,M,23
Hershey,M,22
Mack,M,22
Marty,M,22
Maxwell,M,22
Remy,M,22
Roscoe,M,22
Simon,M,22
Beau,M,21
Brody,M,21
Chance,M,21
Clyde,M,21
Elvis,M,21
Jojo,M,21
Lucas,M,21
Sebastian,M,21
Sonny,M,21
Stanley,M,21
Bowie,M,20
Dallas,M,20
Dante,M,20
Dash,M,20
Enzo,M,20
Frank,M,20
Junior,M,20
Mochi,M,20
Opie,M,20
Ozzy,M,20
Reggie,M,20
Scooter,M,20
Taco,M,20
Titan,M,20
Watson,M,20
Ben,M,19
Bishop,M,19
Casper,M,19
Cosmo,M,19
Hamilton,M,19
Moose,M,19
Noah,M,19
Pablo,M,19
Snoopy,M,19
Tommy,M,19
Walter,M,19
Axel,M,18
Dino,M,18
Hendrix,M,18
Kane,M,18
Little,M,18
Niko,M,18
Olaf,M,18
Percy,M,18
Vito,M,18
Andy,M,17
Biggie,M,17
Blaze,M,17
Bosco,M,17
Fred,M,17
Guinness,M,17
Hank,M,17
Harvey,M,17
Melo,M,17
Pippin,M,17
Ringo,M,17
Roman,M,17
Tank,M,17
Tito,M,17
Valentino,M,17
Whiskey,M,17
Yoda,M,17
Zeke,M,17
-,M,16
Augustus,M,16
Barney,M,16
Brutus,M,16
Bucky,M,16
Diego,M,16
Einstein,M,16
Ghost,M,16
Griffin,M,16
Mango,M,16
Pete,M,16
Ranger,M,16
Remington,M,16
Samson,M,16
Sir,M,16
Spot,M,16
Sunny,M,16
Taz,M,16
Toto,M,16
Auggie,M,15
Banjo,M,15
Barkley,M,15
Choco,M,15
Chocolate,M,15
Gunner,M,15
Iggy,M,15
Jimmy,M,15
Larry,M,15
Louis,M,15
Murray,M,15
Nino,M,15
Tanner,M,15
Yoshi,M,15
Ares,M,14
Bo,M,14
Boo,M,14
Champ,M,14
Charles,M,14
Charley,M,14
Chico,M,14
Flash,M,14
Freddie,M,14
Miles,M,14
Milton,M,14
Nacho,M,14
Pickles,M,14
Polo,M,14
Rocko,M,14
Snow,M,14
Stitch,M,14
Thunder,M,14
Wallace,M,14
Ash,M,13
Benjamin,M,13
Comet,M,13
Flynn,M,13
Jerry,M,13
Jupiter,M,13
Kevin,M,13
Koda,M,13
Lenny,M,13
Mac,M,13
Mister,M,13
Obi,M,13
Olive,M,13
Panda,M,13
Petey,M,13
Scooby,M,13
Sterling,M,13
Trouble,M,13
Wilson,M,13
Yuki,M,13
Arthur,M,12
Bane,M,12
Basil,M,12
Captain,M,12
Chapo,M,12
Charly,M,12
Happy,M,12
Howie,M,12
Jeff,M,12
Marlowe,M,12
Maxx,M,12
Nico,M,12
Oakley,M,12
Owen,M,12
Patches,M,12
Patrick,M,12
Pierre,M,12
Quinn,M,12
Rico,M,12
River,M,12
Rupert,M,12
Snowball,M,12
Baby,M,11
Balto,M,11
Beckham,M,11
Bingo,M,11
Bleu,M,11
Bodhi,M,11
Bubba,M,11
Caesar,M,11
Chuck,M,11
Cookie,M,11
Dobby,M,11
El,M,11
Eli,M,11
Ice,M,11
Jordan,M,11
Leon,M,11
Marvin,M,11
Mojo,M,11
Ripley,M,11
Sampson,M,11
Spencer,M,11
Timmy,M,11
Tiny,M,11
Zack,M,11
Zorro,M,11
Achilles,M,10
Artie,M,10
Austin,M,10
Baloo,M,10
Bruiser,M,10
Carmelo,M,10
Felix,M,10
Finnegan,M,10
Fozzie,M,10
Gino,M,10
Harlem,M,10
Indiana,M,10
Jameson,M,10
Jaxson,M,10
Jaxx,M,10
Koko,M,10
Linus,M,10
Lou,M,10
Luca,M,10
Maximilian,M,10
Mookie,M,10
Nikko,M,10
Odie,M,10
Pancho,M,10
Pork,M,10
Ragnar,M,10
Scrappy,M,10
Steve,M,10
Wyatt,M,10
Alvin,M,9
Atticus,M,9
Barnaby,M,9
Baron,M,9
Boy,M,9
Butter,M,9
Cairo,M,9
Cesar,M,9
Crosby,M,9
Dylan,M,9
Fonzie,M,9
Freddy,M,9
Gordo,M,9
Gordon,M,9
Gucci,M,9
Hans,M,9
Hiro,M,9
Humphrey,M,9
Huxley,M,9
John,M,9
Kingston,M,9
Marco,M,9
Memphis,M,9
Nero,M,9
No,M,9
Nova,M,9
Nugget,M,9
Pepito,M,9
Pharaoh,M,9
Porter,M,9
Q,M,9
Riggins,M,9
Rosco,M,9
Samuel,M,9
Scruffy,M,9
Sergeant,M,9
Ted,M,9
Tobias,M,9
Trevor,M,9
Tripp,M,9
Vinny,M,9
Willie,M,9
Wolfgang,M,9
Angel,M,8
Augie,M,8
Bam,M,8
Batman,M,8
Benson,M,8
Bernie,M,8
Bodie,M,8
Brady,M,8
Carl,M,8
Carter,M,8
Chucky,M,8
Dempsey,M,8
Dominic,M,8
Doug,M,8
Eddie,M,8
Eddy,M,8
Edison,M,8
Fitz,M,8
Gambit,M,8
Gary,M,8
Gio,M,8
Grayson,M,8
Grizzly,M,8
Houston,M,8
Jacob,M,8
Jett,M,8
Jude,M,8
Kodi,M,8
Leonardo,M,8
Lucious,M,8
Marshall,M,8
Martin,M,8
Mateo,M,8
Merlin,M,8
Midas,M,8
Mikey,M,8
Miko,M,8
Mocha,M,8
Money,M,8
Peluche,M,8
Peter,M,8
Pip,M,8
Pluto,M,8
Puppy,M,8
Red,M,8
Remi,M,8
Richie,M,8
Ricky,M,8
Ronaldo,M,8
Ryder,M,8
Sage,M,8
Seven,M,8
Shaggy,M,8
Shane,M,8
Sherman,M,8
Sky,M,8
Tater,M,8
Tobby,M,8
Truman,M,8
Will,M,8
Willy,M,8
Archer,M,7
Arrow,M,7
Astor,M,7
Astro,M,7
Baker,M,7
Big,M,7
Boris,M,7
Brisket,M,7
Buckley,M,7
Buddha,M,7
Bully,M,7
Cam,M,7
Casey,M,7
Chiquito,M,7
Cyrus,M,7
Danny,M,7
Darwin,M,7
Doc,M,7
Dog,M,7
Dunkin,M,7
Fritz,M,7
Glenn,M,7
Guy,M,7
Huey,M,7
Ian,M,7
Jefe,M,7
Jet,M,7
Jeter,M,7
Jinx,M,7
Kenai,M,7
Kiko,M,7
Kirby,M,7
Koby,M,7
Lemon,M,7
Leroy,M,7
Lil,M,7
Macho,M,7
Maks,M,7
Marcus,M,7
Maurice,M,7
Maximo,M,7
Monkey,M,7
Morty,M,7
Nene,M,7
Olly,M,7
Osito,M,7
Oswald,M,7
Paco,M,7
Patch,M,7
Perseus,M,7
Puma,M,7
Randy,M,7
Rascal,M,7
Rio,M,7
Rooster,M,7
Shiro,M,7
Skippy,M,7
Snoop,M,7
Sonic,M,7
Sony,M,7
Sosa,M,7
Spanky,M,7
Tango,M,7
Tiger,M,7
Titus,M,7
Turbo,M,7
Tux,M,7
Wicket,M,7
Wrigley,M,7
Xiao,M,7
Aiko,M,6
Albert,M,6
Alpha,M,6
Anakin,M,6
Barry,M,6
Beethoven,M,6
Bently,M,6
Benton,M,6
Bernard,M,6
Blanco,M,6
Bob,M,6
Boss,M,6
Brian,M,6
Buddah,M,6
Butters,M,6
Carson,M,6
Ceasar,M,6
Chewbacca,M,6
Chief,M,6
Chulo,M,6
Churro,M,6
Clay,M,6
Cotton,M,6
Deniro,M,6
Doctor,M,6
Domino,M,6
Doobie,M,6
Duffy,M,6
Dutch,M,6
Easton,M,6
Ernie,M,6
Everest,M,6
Fig,M,6
Fisher,M,6
Fitzgerald,M,6
Floyd,M,6
Gage,M,6
Goku,M,6
Goliath,M,6
Gotti,M,6
Grey,M,6
Gunther,M,6
Hamish,M,6
Hero,M,6
Izzy,M,6
James,M,6
Jefferson,M,6
Jr,M,6
Julius,M,6
Kano,M,6
Kingsley,M,6
Klaus,M,6
Knox,M,6
Koa,M,6
Kosmo,M,6
Levi,M,6
Lloyd,M,6
Lorenzo,M,6
Lucca,M,6
Ludwig,M,6
Macaroni,M,6
Maggie,M,6
Matteo,M,6
Mellow,M,6
Memo,M,6
Mio,M,6
Mr,M,6
Noodle,M,6
Nunzio,M,6
Oso,M,6
Pepe,M,6
Poncho,M,6
Popeye,M,6
Poppy,M,6
Q-tip,M,6
Quigley,M,6
Quincy,M,6
Reksio,M,6
Ren,M,6
Rick,M,6
Rigby,M,6
Robin,M,6
Rowdy,M,6
Russel,M,6
Sancho,M,6
Sandy,M,6
Scotch,M,6
Shea,M,6
Sherlock,M,6
Shiloh,M,6
Sid,M,6
Skipper,M,6
Smores,M,6
Solo,M,6
Sullivan,M,6
Tazz,M,6
Tuxedo,M,6
Tyler,M,6
Tyrion,M,6
Unknowed,M,6
Wasabi,M,6
Webster,M,6
William,M,6
Xavier,M,6
Zucc,M,6
Zuccarello,M,6
Asher,M,5
Atom,M,5
August,M,5
Babe,M,5
Banner,M,5
Bean,M,5
Beauregard,M,5
Beowulf,M,5
Bill,M,5
Blacky,M,5
Bobo,M,5
Bogart,M,5
Brinkley,M,5
Broadway,M,5
Brutis,M,5
Bud,M,5
Buford,M,5
Bullet,M,5
Butch,M,5
Canelo,M,5
Cannoli,M,5
Capone,M,5
Cashew,M,5
Caspian,M,5
Chandler,M,5
Chappy,M,5
Charcoal,M,5
Charms,M,5
Chestnut,M,5
Chops,M,5
Chubby,M,5
Chumley,M,5
Chunk,M,5
Cj,M,5
Claus,M,5
Coby,M,5
Conan,M,5
Curtis,M,5
Daniel,M,5
Diamond,M,5
Django,M,5
Doggy,M,5
Dougie,M,5
Dragon,M,5
Dream,M,5
Dublin,M,5
Face,M,5
Fido,M,5
Freckles,M,5
Fredrick,M,5
Frenchie,M,5
Gaston,M,5
Georgie,M,5
Gibson,M,5
Ginger,M,5
Giuseppe,M,5
Goldie,M,5
Graham,M,5
Greg,M,5
Gunnar,M,5
Hamlet,M,5
Hansel,M,5
Hazel,M,5
Henley,M,5
Henri,M,5
Hobbes,M,5
J.j.,M,5
Jackie,M,5
Jaco,M,5
Jagger,M,5
Jay,M,5
Jj,M,5
June,M,5
Kai,M,5
Kash,M,5
Kenzo,M,5
Kilo,M,5
Kuma,M,5
Landry,M,5
Lazarus,M,5
Lester,M,5
Liam,M,5
Luc,M,5
Luka,M,5
Luther,M,5
Marbles,M,5
Mark,M,5
Marlo,M,5
Marshmallow,M,5
Meatball,M,5
Meeko,M,5
Mia,M,5
Micky,M,5
Midnight,M,5
Mini,M,5
Mitch,M,5
Moby,M,5
Momo,M,5
Montana,M,5
Munch,M,5
Munchkin,M,5
Nathan,M,5
Negrito,M,5
Neo,M,5
Nicolai,M,5
Ninja,M,5
Norman,M,5
Obie,M,5
Oden,M,5
Orio,M,5
Papa,M,5
Pecan,M,5
Pepper,M,5
Perry,M,5
Phantom,M,5
Pilot,M,5
Pinot,M,5
Pongo,M,5
Rajah,M,5
Roger,M,5
Sarge,M,5
Silas,M,5
Sirius,M,5
Snickers,M,5
Sniper,M,5
Stark,M,5
Taylor,M,5
Tequila,M,5
Terry,M,5
Tesla,M,5
Trooper,M,5
Tyke,M,5
Wesley,M,5
Wizard,M,5
Zenzai,M,5
Aj,M,4
Aleph,M,4
Alexander,M,4
Ansel,M,4
Athos,M,4
Aussie,M,4
Axl,M,4
Bagel,M,4
Banks,M,4
Bay,M,4
Bello,M,4
Bennett,M,4
Bones,M,4
Boogie,M,4
Boots,M,4
Bori,M,4
Bowser,M,4
Brad,M,4
Brock,M,4
Bronx,M,4
Bubbles,M,4
Bugsy,M,4
Bumble,M,4
Butterscotch,M,4
Caine,M,4
Caleb,M,4
Caramel,M,4
Cesare,M,4
Chappie,M,4
Chef,M,4
Chichi,M,4
Chikito,M,4
Chili,M,4
Clark,M,4
Coal,M,4
Cocoa,M,4
Colby,M,4
Colin,M,4
Collie,M,4
Coquito,M,4
Corky,M,4
Courage,M,4
Cupid,M,4
Dakota,M,4
Dill,M,4
Dodger,M,4
Dodo,M,4
Dozer,M,4
Drac,M,4
Egg,M,4
Emery,M,4
Farley,M,4
Fetty,M,4
Fletcher,M,4
Flopy,M,4
Fox,M,4
Frodo,M,4
Frosty,M,4
Future,M,4
General,M,4
Giacomo,M,4
Gilbert,M,4
Goose,M,4
Grady,M,4
Groot,M,4
Handsome,M,4
Henny,M,4
Henrik,M,4
Homer,M,4
Huck,M,4
Hulk,M,4
Indy,M,4
Jacko,M,4
Jethro,M,4
Jimbo,M,4
Joel,M,4
Juno,M,4
Kasper,M,4
Kato,M,4
Kiam,M,4
Kiba,M,4
Kino,M,4
Kody,M,4
Landon,M,4
Lee,M,4
Lionel,M,4
Ludlow,M,4
Ludo,M,4
Magnus,M,4
Major,M,4
Malachi,M,4
Marvel,M,4
Massimo,M,4
Maui,M,4
Maverick,M,4
Maximillion,M,4
Megatron,M,4
Mel,M,4
Mello,M,4
Michael,M,4
Mike,M,4
Milly,M,4
Misha,M,4
Miso,M,4
Mitchell,M,4
Mowgli,M,4
Mufasa,M,4
Mugsy,M,4
Napoleon,M,4
Nash,M,4
Neville,M,4
Nicholas,M,4
Nike,M,4
Noel,M,4
Ozzie,M,4
Paddy,M,4
Papi,M,4
Papito,M,4
Paulie,M,4
Payso,M,4
Pedro,M,4
Philly,M,4
Phineas,M,4
Pixel,M,4
Pookie,M,4
Popcorn,M,4
Porkchop,M,4
Potchie,M,4
Puck,M,4
Puff,M,4
Pumpkin,M,4
Quasar,M,4
Raiden,M,4
Raisin,M,4
Ray,M,4
Richmond,M,4
Robbie,M,4
Ronnie,M,4
Roo,M,4
Rooney,M,4
Rory,M,4
Rowan,M,4
Ru,M,4
Rubee,M,4
Rubio,M,4
Rutt,M,4
Salt,M,4
Sammi,M,4
Scott,M,4
Short,M,4
Sidney,M,4
Smokie,M,4
Smoky,M,4
Spartacus,M,4
Specter,M,4
Spots,M,4
Spotty,M,4
Storm,M,4
Sully,M,4
Sumo,M,4
Sushi,M,4
T-bone,M,4
Tai,M,4
Tex,M,4
Tigger,M,4
Toffee,M,4
Tofu,M,4
Tom,M,4
Toro,M,4
Troy,M,4
Truffaut,M,4
Tuffy,M,4
Uno,M,4
Vin,M,4
Whistler,M,4
Wiggles,M,4
Wiz,M,4
Wolfie,M,4
Xavi,M,4
Yeezy,M,4
Zaichik,M,4
Zero,M,4
Zev,M,4
Zion,M,4
Zippy,M,4
A,M,3
Abel,M,3
Achi,M,3
Achillies,M,3
Akamaro,M,3
Akio,M,3
Alaric,M,3
Aldo,M,3
Alex,M,3
Alf,M,3
Alfio,M,3
Alfred,M,3
Alfredo,M,3
Alphonse,M,3
Amo,M,3
Angus,M,3
Anrir,M,3
Antonoff,M,3
Apolo,M,3
Apothic,M,3
Appu,M,3
Araki_maverick,M,3
Arfu,M,3
Argo,M,3
Argos,M,3
Armani,M,3
Arnie,M,3
Arnold,M,3
Artemius,M,3
Ashton,M,3
Astroy,M,3
Atreyu,M,3
Attila,M,3
Aven,M,3
Avocado,M,3
Axle,M,3
Bacchus,M,3
Badin,M,3
Baldwin,M,3
Bam-bam,M,3
Bambi,M,3
Bambii,M,3
Bands,M,3
Banksy,M,3
Bardo,M,3
Barkly,M,3
Barlow,M,3
Barnes,M,3
Bart,M,3
Basel,M,3
Batty,M,3
Baymax,M,3
Baz,M,3
Beast,M,3
Beebo,M,3
Beignet,M,3
Beni,M,3
Benjy,M,3
Berry,M,3
Bert,M,3
Bevers,M,3
Bibi,M,3
Bickford,M,3
Bigby,M,3
Billy,M,3
Bimbo,M,3
Birdie,M,3
Bismarck,M,3
Bixx,M,3
Bk,M,3
Blade,M,3
Blaise,M,3
Blake,M,3
Blizzit-snow,M,3
Bloo,M,3
Bluey,M,3
Bochy,M,3
Boe,M,3
Boheme,M,3
Bombillo,M,3
Bongo,M,3
Bono,M,3
Boon,M,3
Boston,M,3
Boudreaux,M,3
Bourbon,M,3
Bourlouko,M,3
Brando,M,3
Brandon,M,3
Brighton,M,3
Brisco,M,3
Britches,M,3
Brixton,M,3
Brodie,M,3
Bronco,M,3
Broncoroo,M,3
Browny,M,3
Browser,M,3
Bruceleeroy,M,3
Bubble,M,3
Bubblemilk,M,3
Buggington,M,3
Bughotti,M,3
Bulgogi,M,3
Bull,M,3
Bulleit,M,3
Bunk,M,3
Bunta,M,3
Caco,M,3
Cal,M,3
Calum,M,3
Calvin,M,3
Carmine,M,3
Chace,M,3
Chaco,M,3
Chago,M,3
Chainz,M,3
Chaison,M,3
Chalkee,M,3
Chaplin,M,3
Charm,M,3
Chashao,M,3
Checkers,M,3
Cheerios,M,3
Chefree,M,3
Chevy,M,3
Chiachi,M,3
Chibi,M,3
Chicken,M,3
Chicko,M,3
Chiku,M,3
Chipster,M,3
Chiquitin,M,3
Choctaw,M,3
Choji,M,3
Chopo,M,3
Chorizo,M,3
Chub,M,3
Cici,M,3
Cider,M,3
Cisco,M,3
Clovis,M,3
Coda,M,3
Coffee,M,3
Colbee,M,3
Colbie,M,3
Colt,M,3
Conine,M,3
Copper,M,3
Cordoba,M,3
Corey,M,3
Cornelius,M,3
Cory,M,3
Cousteau,M,3
Creasy,M,3
Cricket,M,3
Critter,M,3
Cucciolo,M,3
Cuervo,M,3
Cupcup,M,3
Da,M,3
Dan,M,3
Danger,M,3
Davey,M,3
Deacon,M,3
Deizel,M,3
Delacroix,M,3
Denahi,M,3
Desmond,M,3
Dez,M,3
Dickens,M,3
Digby,M,3
Dingo,M,3
Dipp,M,3
Disco,M,3
Divo,M,3
Dj,M,3
Dodge,M,3
Dojo,M,3
Donny,M,3
Doogie,M,3
Dorian,M,3
Dougal,M,3
Douglas,M,3
Dr,M,3
Dr.watson,M,3
Dracula,M,3
Drako,M,3
Draper,M,3
Drogo,M,3
Duce,M,3
Duckie,M,3
Duckling,M,3
Dudely,M,3
Dugans,M,3
Dumbo,M,3
Dusty,M,3
Easy,M,3
Eboni,M,3
Echei,M,3
Egon,M,3
Eiger,M,3
Elby,M,3
Eleven,M,3
Eliot,M,3
Elliot,M,3
Embers,M,3
Embony,M,3
Emilio,M,3
Emmet,M,3
Enrico,M,3
Erebus,M,3
Esco,M,3
Espn,M,3
Espresso,M,3
Eugene,M,3
Eversea,M,3
Ewok,M,3
Excalibur,M,3
Fagean,M,3
Falkor,M,3
Fangio,M,3
Fay,M,3
Fenimore,M,3
Ferris,M,3
Fitzwilliam,M,3
Flike,M,3
Floffy,M,3
Floki,M,3
Fluffie,M,3
Foota,M,3
Forest,M,3
Forró,M,3
Fran,M,3
Francois,M,3
Franky,M,3
Frisco,M,3
Fu,M,3
Fudge,M,3
Fufu,M,3
Fydo,M,3
Gameboy,M,3
Garth,M,3
Gaten,M,3
Gaudi,M,3
Gavin,M,3
Gemelli,M,3
Giblet,M,3
Gideon,M,3
Ginsburg,M,3
Goji,M,3
Goofy,M,3
Googy,M,3
Goopy,M,3
Gorgie,M,3
Graey,M,3
Graffiti,M,3
Grant,M,3
Grizz,M,3
Gromit,M,3
Grump,M,3
Guage,M,3
Guaiguai,M,3
Guapo,M,3
Gumbo,M,3
Gunna,M,3
Guthrie,M,3
Haha,M,3
Hammond,M,3
Han,M,3
Harrison,M,3
Hashi,M,3
Haskell,M,3
Hawkeye,M,3
Hayloh,M,3
Hazelnut,M,3
He-man,M,3
Henessey,M,3
Herb,M,3
Herbert,M,3
Herbie,M,3
Herc,M,3
Hiroki,M,3
Hobson,M,3
Hoffman,M,3
Holiday,M,3
Honda,M,3
Honey,M,3
Horatio,M,3
Huckleberry,M,3
Hurley,M,3
Hutch,M,3
Ike,M,3
Irving,M,3
Jabi,M,3
Jackjack,M,3
Jager,M,3
Jake-louis,M,3
Jalapeno,M,3
Jarvis,M,3
Jasse,M,3
Jaws,M,3
Jaxon,M,3
Jaybear,M,3
Jaymo,M,3
Jazz,M,3
Jedi,M,3
Jeffrey,M,3
Jeffry,M,3
Jennings,M,3
Jester,M,3
Jits,M,3
Joe,M,3
Johnny,M,3
Juan,M,3
Juca,M,3
Juicy,M,3
Jungli,M,3
Justice,M,3
Kaaya,M,3
Kaine,M,3
Kairo,M,3
Kaiser,M,3
Kale,M,3
Karma,M,3
Keane,M,3
Keano,M,3
Keeper,M,3
Kenga,M,3
Kenji,M,3
Kennedy,M,3
Kenshi,M,3
Kero,M,3
Khamra,M,3
Kid,M,3
Kiddo,M,3
Kimba,M,3
Kimchi,M,3
Kip,M,3
Kipper,M,3
Kona,M,3
Kopi,M,3
Kovu,M,3
Kristofferson,M,3
Krypto,M,3
Kuku,M,3
Kulu,M,3
Kyo,M,3
Lad,M,3
Laisook,M,3
Lan,M,3
Lando,M,3
Langston,M,3
Laser,M,3
Latte,M,3
Lego,M,3
Lemo,M,3
Leone,M,3
Lexington,M,3
Lido,M,3
Linden,M,3
Link,M,3
Lio,M,3
Lobo,M,3
Loco,M,3
Lola,M,3
Lucho,M,3
Luger,M,3
Luis,M,3
Lupo,M,3
Macgyver,M,3
Mackey,M,3
Mackie,M,3
Macklin,M,3
Madiba,M,3
Madison,M,3
Magic,M,3
Magnum,M,3
Malish,M,3
Mamenosuke,M,3
Manman,M,3
Manny,M,3
Marino,M,3
Mario,M,3
Marleybohn,M,3
Marlon,M,3
Marly,M,3
Mars,M,3
Mase,M,3
Master,M,3
Matias,M,3
Mattie,M,3
Maximillian,M,3
Maxmilli,M,3
Maylo,M,3
Mayor,M,3
Mccoy,M,3
Mcuno,M,3
Medo,M,3
Meek,M,3
Melvin,M,3
Mendelssohn,M,3
Mew,M,3
Michka,M,3
Mickie,M,3
Mid,M,3
Mijo,M,3
Milk,M,3
Millagio,M,3
Miller,M,3
Miloh,M,3
Mingo,M,3
Minion,M,3
Mint,M,3
Miruku,M,3
Mobe,M,3
Mochiko,M,3
Moe,M,3
Mojito,M,3
Momotaro,M,3
Monchy,M,3
Monet,M,3
Monroe,M,3
Montgomery,M,3
Moomoo,M,3
Morcego,M,3
Mori,M,3
Moro,M,3
Morrie,M,3
Mortimer,M,3
Moyo,M,3
Mozart,M,3
Muggsy,M,3
Muggzie,M,3
Mumford,M,3
Munchie,M,3
Muneco,M,3
Murdoch,M,3
Murphey,M,3
Mustang,M,3
Muxa,M,3
Myles,M,3
Mylo,M,3
Müller,M,3
N/n,M,3
Naonao,M,3
Nate,M,3
Nelson,M,3
Nensi,M,3
Newman,M,3
Newton,M,3
Nick,M,3
Nima,M,3
Nobu,M,3
Noodles,M,3
North,M,3
Oberyn,M,3
Ocean,M,3
Ocho,M,3
Odi,M,3
Ohtee,M,3
Oliver/,M,3
Omar,M,3
Orvy,M,3
Ostin,M,3
Otie,M,3
Ovo,M,3
Oxford,M,3
Oz,M,3
Ozymandias,M,3
Paolo,M,3
Paris,M,3
Pasha,M,3
Paxton,M,3
Peeve,M,3
Pepsi,M,3
Perrin,M,3
Peyton,M,3
Philou,M,3
Phoenix,M,3
Piggy,M,3
Pikachu,M,3
Pike,M,3
Pine,M,3
Pipa,M,3
Pipes,M,3
Pippen,M,3
Pitch,M,3
Pito,M,3
Po,M,3
Pocho,M,3
Poe,M,3
Pogi,M,3
Poki,M,3
Polly,M,3
Pommes,M,3
Pony,M,3
Poochini,M,3
Poocho,M,3
Poodle,M,3
Porsche,M,3
Potter,M,3
Preston,M,3
Price,M,3
Primo,M,3
Profi,M,3
Prometheus,M,3
Pucci,M,3
Pudgy,M,3
Puffy,M,3
Quito,M,3
Qunicy,M,3
Rabi,M,3
Radar,M,3
Rafi,M,3
Rainy,M,3
Ram,M,3
Ramsay,M,3
Randall,M,3
Rangers,M,3
Rasmus,M,3
Raymi,M,3
Reagan,M,3
Rebel,M,3
Reddington,M,3
Reese,M,3
Reeses,M,3
Remmy,M,3
Renny,M,3
Reo,M,3
Reuben,M,3
Rexi,M,3
Rexx,M,3
Rey,M,3
Rhaegar,M,3
Rhett,M,3
Ridge,M,3
Riely,M,3
Robi,M,3
Rockie,M,3
Rome,M,3
Rovi,M,3
Rowlf,M,3
Ruby,M,3
Ruckus,M,3
Rudder,M,3
Rueben,M,3
Rugby,M,3
Ruler,M,3
Rusev,M,3
Russ,M,3
Ryan,M,3
Saint,M,3
Saizo,M,3
Sako,M,3
Salvatore,M,3
Sambuca,M,3
Samwise,M,3
Sasha,M,3
Sawyer,M,3
Saz,M,3
Scouter,M,3
Scruff,M,3
Seamus,M,3
Sergio,M,3
Señor,M,3
Sgt.,M,3
Shalom,M,3
Sheru,M,3
Shiba,M,3
Shimmy,M,3
Shoji,M,3
Shortstop,M,3
Shoyu,M,3
Shuggie,M,3
Shumpert,M,3
Siggy,M,3
Silver,M,3
Silvester,M,3
Six,M,3
Skip,M,3
Slami,M,3
Smarty,M,3
Smooch,M,3
Smudge,M,3
Snacks,M,3
Snoozer,M,3
Snowflake,M,3
Snowman,M,3
Snowy,M,3
Soleado,M,3
Solomon,M,3
Speck,M,3
Sponge,M,3
Spritz,M,3
Squid,M,3
Stanely,M,3
Star,M,3
Starbuck,M,3
Stash,M,3
Stax,M,3
Stevie,M,3
Stewie,M,3
Stringer,M,3
Stryker,M,3
Stuey,M,3
Stylez,M,3
Summer,M,3
Sweeney,M,3
Sweet,M,3
Sydney,M,3
Symon,M,3
Tanuki,M,3
Tarzan,M,3
Tassle,M,3
Tazer,M,3
Teahupoo,M,3
Teemu,M,3
Tego,M,3
Templeton,M,3
Tevye,M,3
Texas,M,3
Thay,M,3
Thesius,M,3
Thicket,M,3
Thorin,M,3
Thriller,M,3
Tibby,M,3
Tiburon,M,3
Tie,M,3
Timber,M,3
Timon,M,3
Tino,M,3
Titian,M,3
Tituss,M,3
Tiu,M,3
Tj,M,3
Tjay,M,3
Toast,M,3
Tokyo,M,3
Tomas,M,3
Tommo,M,3
Tonka,M,3
Tooga,M,3
Topher,M,3
Tortuga,M,3
Travis,M,3
Tre,M,3
Treacle,M,3
Treasure,M,3
Trinket,M,3
Tristan,M,3
Triton,M,3
Trout,M,3
Truffle,M,3
Tsar,M,3
Tug,M,3
Tuukka,M,3
Tybee,M,3
U,M,3
U-dog,M,3
Ugo,M,3
Ultimate,M,3
Ulysses,M,3
Unknow,M,3
Vanilla,M,3
Vincenzo,M,3
Vogue,M,3
Waldi,M,3
Waldo,M,3
Wall-e,M,3
Warren,M,3
Washington,M,3
Weasley,M,3
Wellington,M,3
Wembley,M,3
Whisky,M,3
Whitman,M,3
Wiggins,M,3
Wilbur,M,3
Winter,M,3
Witty,M,3
Wolfy,M,3
Wonton,M,3
Wookie,M,3
Wookiee,M,3
Wotan,M,3
Wrinkles,M,3
Xander,M,3
Xiaohei,M,3
Xxavier,M,3
Yankee,M,3
Yaza,M,3
Yupyup,M,3
Zach,M,3
Zachary,M,3
Zazu,M,3
Zeb,M,3
Zidane,M,3
Zlatan,M,3
Zoe,M,3
Zuko,M,3
Zulu,M,3
Abacus,M,2
Abe,M,2
Adam,M,2
Akiro,M,2
Alabama,M,2
Aladdin,M,2
Alan,M,2
Alki,M,2
Allen,M,2
Allie,M,2
Amigo,M,2
Amos,M,2
Animal,M,2
Anoush,M,2
Antonio,M,2
Apricot,M,2
Archy,M,2
Ardy,M,2
Ariel,M,2
Arturo,M,2
Aspen,M,2
Atilla,M,2
Atlas,M,2
Augustino,M,2
Authur,M,2
Avi,M,2
Baci,M,2
Badger,M,2
Baechoo,M,2
Bagheera,M,2
Baicai,M,2
Bali,M,2
Balthazer,M,2
Banana,M,2
Bandino,M,2
Bandito,M,2
Bao,M,2
Bard,M,2
Barklay,M,2
Barton,M,2
Bauer,M,2
Bazooka,M,2
Bb,M,2
Beans,M,2
Beasley,M,2
Beaux,M,2
Beckett,M,2
Bee-bo,M,2
Beema,M,2
Beemo,M,2
Behr,M,2
Bela,M,2
Bengi,M,2
Benjii,M,2
Bennly,M,2
Bento,M,2
Benya,M,2
Benz,M,2
Bertie,M,2
Bevo,M,2
Billings,M,2
Binx,M,2
Bissli,M,2
Bizzee,M,2
Bizznizz,M,2
Black,M,2
Blackberry,M,2
Blackie,M,2
Blazer,M,2
Blex,M,2
Blizzard,M,2
Boga,M,2
Boi,M,2
Bonez,M,2
Bonifacy,M,2
Booker,M,2
Boooots,M,2
Bootsy,M,2
Bort,M,2
Boslee,M,2
Bosque,M,2
Boulder,M,2
Bowsher,M,2
Bowtruckle,M,2
Boyd,M,2
Bradley,M,2
Brahms,M,2
Bravo,M,2
Breaffy,M,2
Brewster,M,2
Brick,M,2
Bricks,M,2
Britt,M,2
Broccoli,M,2
Bronze,M,2
Brooks,M,2
Browne,M,2
Brut,M,2
Bryan,M,2
Bryce,M,2
Bubi,M,2
Bubu,M,2
Buck,M,2
Buckington,M,2
Buckner,M,2
Buddie,M,2
Buffalo,M,2
Bug,M,2
Bugatti,M,2
Buggie,M,2
Buksi,M,2
Burrito,M,2
Burt,M,2
Bustelo,M,2
Buzz,M,2
Byron,M,2
C.j.,M,2
Cable,M,2
Cabo,M,2
Caeser,M,2
Caillou,M,2
Cain,M,2
Cameron,M,2
Camrry,M,2
Canelopuchy,M,2
Carlos,M,2
Carrot,M,2
Castro,M,2
Cato,M,2
Cedar,M,2
Cedric,M,2
Chacho,M,2
Charlie-,M,2
Charlotte,M,2
Charlton,M,2
Charming,M,2
Chato,M,2
Chavo,M,2
Cheech,M,2
Chicago,M,2
Chiki,M,2
Chile,M,2
Chinx,M,2
Chobbys,M,2
Chopper,M,2
Chori,M,2
Chow,M,2
Christian,M,2
Christy,M,2
Chuckie,M,2
Chutney,M,2
Chuy,M,2
Cinnamon,M,2
Cipriani,M,2
Ciroc,M,2
Clarence,M,2
Claude,M,2
Clive,M,2
Cloud,M,2
Clover,M,2
Clyve,M,2
Coach,M,2
Comic,M,2
Condor,M,2
Cori,M,2
Cotto,M,2
Covu,M,2
Crank,M,2
Creed,M,2
Crevan-snow,M,2
Crouton,M,2
Cub,M,2
Cubone,M,2
Cuddle,M,2
Curry,M,2
Custard,M,2
Cutman,M,2
Cypher,M,2
Daisy,M,2
Dakar,M,2
Dakley,M,2
Daku,M,2
Damon,M,2
Danni,M,2
Darcy,M,2
Dax,M,2
Dayton,M,2
Dazzler,M,2
De-gaulle.t.wang,M,2
Decker,M,2
Denali,M,2
Denim,M,2
Denver,M,2
Detox,M,2
Dian,M,2
Dicaprio,M,2
Diominio,M,2
Dior,M,2
Dixie,M,2
Dixon,M,2
Dizzy,M,2
Djinn,M,2
Djiz,M,2
Dlukaa,M,2
Doggie-guy,M,2
Dogoyle,M,2
Dollah,M,2
Donkey,M,2
Donnie,M,2
Donut,M,2
Doodles,M,2
Dou,M,2
Douglass,M,2
Dov,M,2
Dr.,M,2
Dre,M,2
Drew,M,2
Drewshka,M,2
Dubu,M,2
Ducky,M,2
Dude,M,2
Dudley,M,2
Dugan,M,2
Duggy,M,2
Dyno,M,2
Earl,M,2
Eaton,M,2
Echo,M,2
Ecko,M,2
Eero,M,2
Efe,M,2
Eggbert,M,2
Eko,M,2
Elbert,M,2
Elliott,M,2
Ellis,M,2
Elmer,M,2
Elmo,M,2
Erie,M,2
Ernest,M,2
Eros,M,2
Escobar,M,2
Euler,M,2
Evangelo,M,2
Falafel,M,2
Fallon,M,2
Fargo,M,2
Fatso,M,2
Fennex,M,2
Ferdinand,M,2
Figaro,M,2
Finley,M,2
Fita,M,2
Fitts,M,2
Fizzy,M,2
Fleetwood,M,2
Floof,M,2
Forte,M,2
Francis,M,2
Fredo,M,2
Frenchy,M,2
Friday,M,2
Fry,M,2
Gaborik,M,2
Gabriel,M,2
Gacek,M,2
Garret,M,2
Gator,M,2
Gaucho,M,2
Gazpacho,M,2
Gelato,M,2
Geno,M,2
Gentry,M,2
Georgio,M,2
Gianluca,M,2
Gibbs,M,2
Gidean,M,2
Gigi,M,2
Giorgio,M,2
Gismo,M,2
Gizzy,M,2
Glem,M,2
Glen,M,2
Gloves,M,2
Goblin,M,2
Goma,M,2
Gotham,M,2
Graphite,M,2
Gremlin,M,2
Gretzky,M,2
Growler,M,2
Grunt,M,2
Gumbeaux,M,2
Gustaff,M,2
Gustavo,M,2
Guster,M,2
Gyro,M,2
Hakan,M,2
Halley,M,2
Hammer,M,2
Hansee,M,2
Harris,M,2
Haru,M,2
Hasbro,M,2
Hatchi,M,2
Haywood,M,2
Haze,M,2
Hector,M,2
Heimi,M,2
Heinz,M,2
Hendricks,M,2
Hendrixx,M,2
Hewey,M,2
Hidekito,M,2
Hillary,M,2
Hitter,M,2
Holden,M,2
Homie,M,2
Hooch,M,2
Hoxie,M,2
Humble,M,2
Icon,M,2
Inuyasha,M,2
Io,M,2
Iron,M,2
Irvin,M,2
Italo,M,2
Itto,M,2
Jabba,M,2
Jace,M,2
Jacks,M,2
Jamo,M,2
Jason,M,2
Java,M,2
Javier,M,2
Jayjay,M,2
Jaz,M,2
Jazzy,M,2
Jc,M,2
Jean,M,2
Jeddaii,M,2
Jellal,M,2
Jenga,M,2
Jeremy,M,2
Jesse,M,2
Jessie,M,2
Jiggy,M,2
Jinglebell,M,2
Jody,M,2
Johan,M,2
Jojen,M,2
Joni,M,2
Jordie,M,2
Joxer,M,2
Joy,M,2
Judge,M,2
Jukes,M,2
Julian,M,2
Julio,M,2
Junim,M,2
Justin,M,2
K'chuya,M,2
Kaboom,M,2
Kanne,M,2
Kaycee,M,2
Kaze,M,2
Keebler,M,2
Keilan,M,2
Kenny,M,2
Kermit,M,2
Killa,M,2
Killian,M,2
Kinba,M,2
Kiro,M,2
Kit,M,2
Kiwi,M,2
Kj,M,2
Knight,M,2
Knuckles,M,2
Koba,M,2
Kobi,M,2
Koga,M,2
Koji,M,2
Kokaine,M,2
Koki,M,2
Kokito,M,2
Kola,M,2
Komo,M,2
Kong,M,2
Koon,M,2
Kush,M,2
Kushy,M,2
Kyro,M,2
Lago,M,2
Lammie,M,2
Lance,M,2
Landslide,M,2
Lapo,M,2
Larson,M,2
Lazy,M,2
Leche,M,2
Lennox,M,2
Leonard,M,2
Leopoldo,M,2
Leslie,M,2
Lifeline,M,2
Lilbit,M,2
Lilo,M,2
Ling-ling,M,2
Lion,M,2
London,M,2
Lord,M,2
Loto,M,2
Loustic,M,2
Lucciano,M,2
Luciano,M,2
Lucifer,M,2
Luckey,M,2
Lui,M,2
Luk,M,2
Lux,M,2
Lyle,M,2
Macbeth,M,2
Maison,M,2
Maki,M,2
Malshi,M,2
Malu,M,2
Mammoth,M,2
Manchas,M,2
Manchee,M,2
Mani,M,2
Manning,M,2
Manolo,M,2
Mansae,M,2
Mantou,M,2
Manuel,M,2
March,M,2
Markey,M,2
Marlin,M,2
Marmaduke,M,2
Marshmellow,M,2
Marv,M,2
Marve,M,2
Marz,M,2
Maslow,M,2
Mauve,M,2
Mavin,M,2
Max's,M,2
Maxe,M,2
Maximilliano,M,2
Mcenroe,M,2
Mega,M,2
Meisiah,M,2
Menudo,M,2
Mercury,M,2
Mick,M,2
Mika,M,2
Miki,M,2
Milan,M,2
Mimi,M,2
Mimo,M,2
Miracle,M,2
Miro,M,2
Mishka,M,2
Misty,M,2
Mo,M,2
Mogy,M,2
Mohawk,M,2
Moi-ji,M,2
Moises,M,2
Moka,M,2
Mongo,M,2
Monkii,M,2
Monster,M,2
Moo,M,2
Moochie,M,2
Mookee,M,2
Moonstone,M,2
Morehouse,M,2
Morpheus,M,2
Morse,M,2
Mousse,M,2
Mox,M,2
Moxon,M,2
Mr.pupps,M,2
Muddles,M,2
Muenster,M,2
Muffy,M,2
Muggle,M,2
Mugs,M,2
Mula,M,2
Mulberry,M,2
Muppet,M,2
Murci,M,2
Mushroom,M,2
Mustard,M,2
Mutumbo,M,2
Myong,M,2
Nana,M,2
Nanook,M,2
Nashville,M,2
Nasubi,M,2
Nautilus,M,2
Naveen,M,2
Navi,M,2
Neo-,M,2
Nessus,M,2
Nestle,M,2
Nestor,M,2
Nevada,M,2
Neve,M,2
New,M,2
Newyorkey,M,2
Nickel,M,2
Nicky,M,2
Nicolaus,M,2
Nigel,M,2
Noggin,M,2
Nomo,M,2
Noopy,M,2
Nuttybuddy,M,2
Nylo,M,2
Nypc941000018580836,M,2
Oakly,M,2
Obama,M,2
Oban,M,2
Odysseus,M,2
Olli,M,2
Ollivier,M,2
Orbit,M,2
Orejas,M,2
Orion,M,2
Orson,M,2
Oski,M,2
Osmo,M,2
Otter,M,2
Paddington,M,2
Pagan,M,2
Paisley,M,2
Panko,M,2
Papacito,M,2
Papas,M,2
Parce,M,2
Parmesan,M,2
Paul,M,2
Pax,M,2
Peace,M,2
Pebbles,M,2
Pelham,M,2
Penn,M,2
Peppi,M,2
Perk,M,2
Petri,M,2
Pharoah,M,2
Phil,M,2
Pi,M,2
Pichi,M,2
Pierpont,M,2
Piet,M,2
Pigeon,M,2
Pimpollo,M,2
Pineapple,M,2
Plex,M,2
Podo,M,2
Pogo,M,2
Pointdexter,M,2
Poofer,M,2
Poops,M,2
Pop,M,2
Poppi,M,2
Poppo,M,2
Pops,M,2
Porthos,M,2
Presley,M,2
Preto,M,2
Prius,M,2
Protocor,M,2
Puccini,M,2
Puchi,M,2
Puddles,M,2
Pupito,M,2
Pusha,M,2
Pushkin,M,2
Putty,M,2
Pyro,M,2
Quantum,M,2
Quentin,M,2
Quinley,M,2
Radu,M,2
Raider,M,2
Ralph,M,2
Rambow,M,2
Ramesses,M,2
Ramio,M,2
Raptor,M,2
Rasta,M,2
Raymon,M,2
Reinhardt,M,2
Remus,M,2
Revis,M,2
Riceball,M,2
Ricecake,M,2
Richard,M,2
Riot,M,2
Ritchie,M,2
Rlsco,M,2
Robert,M,2
Rock,M,2
Rocks,M,2
Roderick,M,2
Rodney,M,2
Roller,M,2
Rollo,M,2
Romulo,M,2
Rose,M,2
Rosko,M,2
Royalty,M,2
Rubble,M,2
Rudolph,M,2
Ruffy,M,2
Ruggie,M,2
Rumble,M,2
Rumpy,M,2
Runtt,M,2
Ruxin,M,2
Safari,M,2
Sai,M,2
Sake,M,2
Samba,M,2
Sanjay,M,2
Sapphire,M,2
Sargento,M,2
Satori,M,2
Saxon,M,2
Sayge,M,2
Scandal,M,2
Scappy,M,2
Seargent,M,2
Sefi,M,2
Sega,M,2
Seymour,M,2
Shambles,M,2
Shams,M,2
Shaq,M,2
Shawn,M,2
Shelby,M,2
Sheldon,M,2
Shellbay,M,2
Shep,M,2
Shepherd,M,2
Sherpa,M,2
Shrum,M,2
Shylo,M,2
Simcoe,M,2
Simondexter,M,2
Sinatra,M,2
Skooby,M,2
Skyler,M,2
Slick,M,2
Sloppy,M,2
Smudla,M,2
Sneezy,M,2
Snoky,M,2
Snuggles,M,2
Socky,M,2
Somang,M,2
Sorry,M,2
Sparks,M,2
Spartus,M,2
Speedy,M,2
Spiky,M,2
Splash,M,2
Spock,M,2
Spooky,M,2
Squiggles,M,2
Squirt,M,2
Stanford,M,2
Stealer,M,2
Steeler,M,2
Steely,M,2
Stella,M,2
Stewart,M,2
Stormy,M,2
Stu,M,2
Sukii,M,2
Sulley,M,2
Sven,M,2
Swagger,M,2
T.,M,2
T.j.,M,2
Tahoe,M,2
Taino,M,2
Tapatio,M,2
Tator,M,2
Tau,M,2
Tebo,M,2
Teddie,M,2
Tenley,M,2
Test,M,2
The,M,2
Theodorus,M,2
Thomas,M,2
Thomn,M,2
Thugger,M,2
Thumper,M,2
Tiberious,M,2
Tiberius,M,2
Tico,M,2
Tidal,M,2
Tiki,M,2
Tillie,M,2
Tim,M,2
Timba,M,2
Tip,M,2
Tipp,M,2
Tippy,M,2
Titto,M,2
Toaster,M,2
Tobey,M,2
Tobi,M,2
Tod,M,2
Toki,M,2
Toku,M,2
Tong,M,2
Topsey,M,2
Torko,M,2
Torreto,M,2
Tosha,M,2
Toshi,M,2
Townes,M,2
Trekker,M,2
Trekkie,M,2
Trenton,M,2
Trex,M,2
Trixter,M,2
Trudeau,M,2
Truffles,M,2
Trump,M,2
Trunks,M,2
Tuck,M,2
Tuki,M,2
Tuntun,M,2
Turtle,M,2
Ty,M,2
Ty-gah,M,2
Tyrone,M,2
Ugly,M,2
Umpa,M,2
Unkonwn,M,2
Uri,M,2
Usher,M,2
Valiant,M,2
Vannelli,M,2
Vienna,M,2
Waffles,M,2
Walker,M,2
Wallie,M,2
Wayne,M,2
Wes,M,2
Westley,M,2
Wilder,M,2
Wilfred,M,2
Willoughby,M,2
Windsor,M,2
Winky,M,2
Wishbone,M,2
Wolf,M,2
Woody,M,2
Woofus,M,2
Woogies,M,2
Wren,M,2
Xeason,M,2
Yaeko,M,2
Yam,M,2
Yar,M,2
Yashka,M,2
Yaya,M,2
Yaz,M,2
Yen,M,2
Yochie,M,2
Yoshy,M,2
Yoyo,M,2
Yuan,M,2
Yukon,M,2
Yulik,M,2
Yuzuki,M,2
Zaki,M,2
Zambuco,M,2
Zeek,M,2
Zen,M,2
Zeppelin,M,2
Zeratul,M,2
Zissou,M,2
Zoltar,M,2
Zork,M,2
Zucchero,M,2
Zues,M,2
Zuma,M,2
Zuse,M,2
Zuzu,M,2
Abigail,M,1
Abner,M,1
Acorn,M,1
Aka,M,1
Aladar,M,1
Albie,M,1
Alec,M,1
Alfalfa,M,1
Almond,M,1
Aman,M,1
Americano,M,1
Anchor,M,1
Anderson,M,1
Andrew,M,1
Angelo,M,1
Aquiles,M,1
Archimedes,M,1
Arvo,M,1
Asal,M,1
Aunis,M,1
Axe,M,1
B,M,1
Bae,M,1
Bajie,M,1
Balboa,M,1
Barley,M,1
Bastian,M,1
Bato,M,1
Beam,M,1
Beasty,M,1
Bebo,M,1
Beecher,M,1
Beibei,M,1
Bembesito,M,1
Benicio,M,1
Benno,M,1
Beppe,M,1
Bergamot,M,1
Berkeley,M,1
Beta,M,1
Bettis,M,1
Bili,M,1
Bim,M,1
Bison,M,1
Bixby,M,1
Bizcocho,M,1
Blitz,M,1
Bobi,M,1
Boby,M,1
Bok,M,1
Bolt,M,1
Bon,M,1
Bonsai,M,1
Booey,M,1
Booli,M,1
Boombox,M,1
Boomerang,M,1
Bosley,M,1
Bowery,M,1
Bowzer,M,1
Bozo,M,1
Braden,M,1
Breck,M,1
Breeder,M,1
Breeze,M,1
Brew,M,1
Browney,M,1
Bryant,M,1
Bryson,M,1
Bubbu,M,1
Bun,M,1
Bunkie,M,1
Burberry,M,1
Burger,M,1
Burk,M,1
C,M,1
Calgary,M,1
Cali,M,1
Calix,M,1
Camaro,M,1
Camilo,M,1
Capio,M,1
Cappaccino,M,1
Carciofi,M,1
Carlito,M,1
Cas,M,1
Cassim,M,1
Cassius,M,1
Castillo,M,1
Cee,M,1
Chaci,M,1
Chango,M,1
Chaos,M,1
Charlee,M,1
Charleston,M,1
Chcolate,M,1
Chelsea,M,1
Chesnut,M,1
Chew,M,1
Chewey,M,1
Chi,M,1
Chia,M,1
Chibbs,M,1
Chicky,M,1
Chihuahua,M,1
Chikkita,M,1
Chiri,M,1
Cholene,M,1
Chonny,M,1
Chop,M,1
Chorkie,M,1
Chowser,M,1
Choy,M,1
Chucho,M,1
Chuckles,M,1
Chuey,M,1
Chum-chum.,M,1
Clarke,M,1
Cliff,M,1
Codey,M,1
Cole,M,1
Coster,M,1
County,M,1
Coyo,M,1
Croissant,M,1
Crumble,M,1
Curly,M,1
Cutie,M,1
Cyril,M,1
Dag,M,1
Daikon,M,1
Dalton,M,1
Dangelo,M,1
Darnelle,M,1
Dave,M,1
David,M,1
Ddh,M,1
Debob,M,1
Deedo,M,1
Deforest,M,1
Denzel,M,1
Deuce,M,1
Devito,M,1
Dewey,M,1
Diablo,M,1
Diezel,M,1
Diggity,M,1
Digsby,M,1
Dirk,M,1
Djali,M,1
Dobbee,M,1
Dobro,M,1
Doby,M,1
Doli,M,1
Dollar,M,1
Dolton,M,1
Don,M,1
Donald,M,1
Dorkie,M,1
Drake,M,1
Dubs,M,1
Dwight,M,1
Eames,M,1
Edgar,M,1
Edgy,M,1
Eggy,M,1
Egypt,M,1
Elleven,M,1
Emmit,M,1
Emu,M,1
Evelake,M,1
Falcon,M,1
Fall,M,1
Fats,M,1
Fausto,M,1
Felipe,M,1
Fennel,M,1
Fergie,M,1
Fernando,M,1
Filip,M,1
Fito,M,1
Fitzroy,M,1
Flint,M,1
Foster,M,1
Frankenstein,M,1
Franksinatra,M,1
French,M,1
Frevo,M,1
Futtie,M,1
Galaxy,M,1
Gannicus,M,1
Garbanzo,M,1
Gasper,M,1
Gd,M,1
Georgi,M,1
Gepeto,M,1
Gerald,M,1
Gerard,M,1
Gg,M,1
Giacamo,M,1
Gigli,M,1
Gingi,M,1
Gnar,M,1
Godzilla,M,1
Gogi,M,1
Golden,M,1
Gonzo,M,1
Gooch,M,1
Gouda,M,1
Grim,M,1
Grizwald,M,1
Growlithe,M,1
Guacamole,M,1
Guiness,M,1
Guizmo,M,1
Guss,M,1
Habrumi,M,1
Hack,M,1
Hades,M,1
Harlan,M,1
Harper,M,1
Hasting,M,1
Havoc,M,1
Heaven,M,1
Henrick,M,1
Herschel,M,1
Hezi,M,1
Hideki,M,1
Highway,M,1
Hitch,M,1
Hiva,M,1
Hottie,M,1
Husky,M,1
Hylan,M,1
Ira,M,1
Isarah,M,1
Isco,M,1
Jak,M,1
Jamison,M,1
Javi,M,1
Jaxi,M,1
Jd,M,1
Jed,M,1
Jellybean,M,1
Jenko,M,1
Jolly,M,1
Jolt,M,1
Jordy,M,1
Jorgie,M,1
Jova,M,1
Jt,M,1
Juju,M,1
Juve,M,1
Kain,M,1
Kakihara,M,1
Kanye,M,1
Karhu,M,1
Kasey,M,1
Kearn,M,1
Keaton,M,1
Keeney,M,1
Keilo,M,1
Kenu,M,1
Khal,M,1
Kibo,M,1
Kloud,M,1
Knoxville,M,1
Kojiro,M,1
Kojo,M,1
Kolbi,M,1
Korbit,M,1
Kori,M,1
Kovou,M,1
Kunta,M,1
Kuzco,M,1
Kyle,M,1
Kyzer,M,1
Lambert,M,1
Leopold,M,1
Liam.,M,1
Liqos,M,1
Lobinho,M,1
Lonny,M,1
Loween,M,1
Lu,M,1
Lumi,M,1
Lupe,M,1
Luster,M,1
Lynx,M,1
Macchiato,M,1
Macko,M,1
Madox,M,1
Maeyer,M,1
Malcolm,M,1
Malush,M,1
Mann,M,1
Maple,M,1
Matt,M,1
Matthew,M,1
Maxie,M,1
Mccloud,M,1
Mentor,M,1
Met,M,1
Mezcal,M,1
Milano,M,1
Minuit,M,1
Miru,M,1
Mishu,M,1
Mitso,M,1
Moff,M,1
Monte,M,1
Monti,M,1
Mordecai,M,1
Morgan,M,1
Morkie,M,1
Morris,M,1
Moses,M,1
Mozy,M,1
Mufasaa,M,1
Mulligan,M,1
Mumu,M,1
Mungo,M,1
Mystylezpitz,M,1
Nantal,M,1
Napier,M,1
Naro,M,1
Nas,M,1
Negro,M,1
Neil,M,1
Neptune,M,1
Nickle,M,1
Niffler,M,1
Niles,M,1
Nippit,M,1
Nixon,M,1
No name,M,1
Nolito,M,1
Nosferatu,M,1
Nucky,M,1
Numoon,M,1
Nypc956000005113448,M,1
Oberon,M,1
Old,M,1
Onus,M,1
Oris,M,1
Oswaldo,M,1
Pacino,M,1
Patton,M,1
Peabody,M,1
Pekapoo,M,1
Penny,M,1
Pharoh,M,1
Philbert,M,1
Phish,M,1
Phonix,M,1
Pidan,M,1
Pie,M,1
Piggie,M,1
Pika,M,1
Pirulo,M,1
Playu,M,1
Pliny,M,1
Plush,M,1
Pocky,M,1
Poochie,M,1
Pooker,M,1
Poovy,M,1
Pr.,M,1
Prescott,M,1
Prez,M,1
Princess,M,1
Pringle,M,1
Pryor,M,1
Pryze,M,1
Pucio,M,1
Pudge,M,1
Puggy,M,1
Pumba,M,1
Pumbaa,M,1
Quavo,M,1
Quint,M,1
Radcliff,M,1
Raffi,M,1
Rainer,M,1
Raj,M,1
Rakka,M,1
Rambler,M,1
Ramsey,M,1
Razzle,M,1
Reed,M,1
Reid,M,1
Reilly,M,1
Remo,M,1
Rielly,M,1
Rikishi,M,1
Riko,M,1
Ritter,M,1
Rob,M,1
Roc,M,1
Rockbottom,M,1
Rockstar,M,1
Rocso,M,1
Rogelio,M,1
Roland,M,1
Rolo,M,1
Romie,M,1
Ron,M,1
Roofie,M,1
Root,M,1
Rosedale,M,1
Ross,M,1
Rover,M,1
Roy,M,1
Royal,M,1
Rucker,M,1
Ruffo,M,1
Rupee,M,1
Russell,M,1
Rusten,M,1
Rémy,M,1
Sababa,M,1
Salami,M,1
Salvador,M,1
Sammie,M,1
Sanson,M,1
Santiago,M,1
Sausage,M,1
Schmitt,M,1
Schmitty,M,1
Scottie,M,1
Scraggle,M,1
Seneriz,M,1
Sesame,M,1
Shadowx,M,1
Shaka,M,1
Shamrock,M,1
Shawbo,M,1
Sheamus,M,1
Shitzu2,M,1
Sigmund,M,1
Sisqo,M,1
Skyblu,M,1
Skye,M,1
Slim,M,1
Smooth,M,1
Snail,M,1
Snickerdoodle,M,1
Socks,M,1
Sofie,M,1
Son,M,1
Soulo,M,1
Sparkie,M,1
Sparrow,M,1
Spatcy,M,1
Spenky,M,1
Spikey,M,1
Spotacus,M,1
Sprite,M,1
Stan,M,1
Steel,M,1
Stefano,M,1
Steven,M,1
Stormageddon,M,1
Strider,M,1
Sugar,M,1
Sundance,M,1
Sutton,M,1
Syler,M,1
Tall,M,1
Tankerbell,M,1
Tate,M,1
Tender,M,1
Tenesaca,M,1
Testing,M,1
Texreilly,M,1
Tillman,M,1
Tinyold,M,1
Tio,M,1
Tobie,M,1
Tobiko,M,1
Toby-tillie,M,1
Toews,M,1
Toots,M,1
Tori,M,1
Toulouse,M,1
Tuesday,M,1
Tundra,M,1
Tupac,M,1
Turner,M,1
Twix,M,1
Tycho,M,1
Tyga,M,1
Uinta,M,1
Umknown,M,1
Unkknown,M,1
Unname,M,1
Urban,M,1
V,M,1
Van,M,1
Vanlentino,M,1
Versace,M,1
Victor,M,1
Viktor,M,1
Virgil,M,1
Wakely,M,1
Walley,M,1
Walt,M,1
Welch,M,1
Whistle,M,1
Winslow,M,1
Winthrop,M,1
Wisky,M,1
Witten,M,1
Wonka,M,1
Xedo,M,1
Xiaoba,M,1
Yale,M,1
Yauco,M,1
Yo,M,1
Yogurt,M,1
Yoko,M,1
Yooks,M,1
Yori,M,1
Yuky,M,1
Zar,M,1
Zaza,M,1
Zico,M,1
Zig,M,1
