PHILIPPE,M,24762
PATRICK,M,18521
PASCAL,M,17779
JEAN,M,17736
ALAIN,M,15274
MICHEL,M,14464
ERIC,M,13960
THIERRY,M,12948
CHRISTIAN,M,12286
DIDIER,M,10766
DOMINIQUE,M,10633
BRUNO,M,9666
DANIEL,M,7904
BERNARD,M,7544
GILLES,M,7412
PIERRE,M,6855
SERGE,M,6154
JEAN-PIERRE,M,5998
MARC,M,5923
GÉRARD,M,5830
JEAN-LUC,M,5739
FRANÇOIS,M,5464
JACQUES,M,5389
CLAUDE,M,5113
PATRICE,M,5102
JOËL,M,4888
DENIS,M,4659
YVES,M,4487
HERVÉ,M,4327
FRÉDÉRIC,M,4314
LAURENT,M,4276
JEAN-CLAUDE,M,4014
ANDRÉ,M,4006
JEAN-MARC,M,3956
JEAN-MICHEL,M,3799
FRANCIS,M,3793
OLIVIER,M,3578
GUY,M,3478
CHRISTOPHE,M,3317
JEAN-FRANÇOIS,M,3027
JEAN-LOUIS,M,2660
JEAN-PAUL,M,2655
STÉPHANE,M,2471
JEAN-MARIE,M,2344
ROBERT,M,2308
GILBERT,M,2107
RENÉ,M,2016
JOSEPH,M,1953
VINCENT,M,1923
GEORGES,M,1908
JEAN-JACQUES,M,1834
LUC,M,1816
JACKY,M,1815
FRANCK,M,1690
HENRI,M,1667
FABRICE,M,1620
ROGER,M,1574
REGIS,M,1566
ROLAND,M,1513
JEAN-YVES,M,1511
LIONEL,M,1490
BERTRAND,M,1459
RICHARD,M,1411
ANTOINE,M,1408
XAVIER,M,1408
MARCEL,M,1350
SYLVAIN,M,1347
JOSÉ,M,1317
PAUL,M,1249
YANNICK,M,1202
CHARLES,M,1158
JEAN-PHILIPPE,M,1141
HUBERT,M,1138
MAURICE,M,1129
RAYMOND,M,1093
BENOÎT,M,1066
LOUIS,M,1041
EMMANUEL,M,1016
RÉMY,M,994
LOÏC,M,928
JEROME,M,918
NICOLAS,M,882
NOËL,M,785
RÉMI,M,768
YVON,M,722
ALBERT,M,708
WILLIAM,M,694
MARTIAL,M,686
LUCIEN,M,663
ETIENNE,M,608
JEAN-NOËL,M,592
MAX,M,511
ARNAUD,M,463
FABIEN,M,450
ERICK,M,448
MANUEL,M,439
JEAN-CHARLES,M,437
JEAN-CHRISTOPHE,M,436
HUGUES,M,429
GABRIEL,M,426
MARIO,M,426
GÉRALD,M,400
ANTONIO,M,383
MOHAMED,M,382
YVAN,M,381
JAMES,M,380
DAVID,M,372
NORBERT,M,366
ALEX,M,365
PIERRICK,M,334
YANN,M,319
ALEXANDRE,M,299
JOCELYN,M,295
RAPHAËL,M,288
JEAN-BERNARD,M,287
DANY,M,278
FARID,M,278
ARMAND,M,272
EMILE,M,261
LUDOVIC,M,260
ALI,M,252
FREDDY,M,242
FRANK,M,238
GUILLAUME,M,237
JEAN-PASCAL,M,237
FERNAND,M,236
RACHID,M,235
TONY,M,225
RODOLPHE,M,220
EDOUARD,M,219
CYRILLE,M,218
DAMIEN,M,212
VICTOR,M,212
KARIM,M,208
MUSTAPHA,M,207
JACKIE,M,193
FÉLIX,M,191
JULIEN,M,185
FLORENT,M,183
ALFRED,M,180
JEAN-BAPTISTE,M,179
MAXIME,M,179
MICHAEL,M,179
RENAUD,M,177
ANGELO,M,175
SALVATORE,M,172
ALEXIS,M,167
GAËTAN,M,166
THOMAS,M,166
AHMED,M,164
EUGÈNE,M,163
CLÉMENT,M,161
GHISLAIN,M,158
MIGUEL,M,157
SIMON,M,156
CAMILLE,M,154
EDDIE,M,150
EDMOND,M,150
LÉON,M,150
JEAN-RENÉ,M,145
GIOVANNI,M,143
GILDAS,M,141
GERMAIN,M,139
SAID,M,139
JUAN,M,138
STEPHAN,M,138
ELIE,M,136
FRED,M,135
PIERRE-YVES,M,135
ANGE,M,133
MARTIN,M,132
ADRIEN,M,127
AIME,M,127
NORDINE,M,125
ABDELKADER,M,122
FRANTZ,M,122
GIL,M,118
AMAR,M,117
JOHN,M,114
FRANCO,M,112
KAMEL,M,111
RAOUL,M,111
FRANCISCO,M,106
GASTON,M,105
GIUSEPPE,M,105
MATHIEU,M,104
IVAN,M,103
FRANCESCO,M,102
JULES,M,102
ROBERTO,M,101
GRÉGOIRE,M,100
MARIE,M,98
ROMAIN,M,98
GINO,M,97
MARIUS,M,97
MOISE,M,97
JÉRÔME,M,94
NASSER,M,93
ARMEL,M,92
WALTER,M,90
SAMUEL,M,89
THIERY,M,87
LUIGI,M,85
RONAN,M,85
HARRY,M,84
WILLY,M,84
AUGUSTE,M,83
ERNEST,M,82
ROLLAND,M,82
EDDY,M,81
HOCINE,M,81
MARCO,M,80
ÉRIC,M,80
ALPHONSE,M,79
HENRY,M,79
MOHAMMED,M,79
RÉGIS,M,79
ABDEL,M,77
ALDO,M,77
JEAN-DENIS,M,77
RONALD,M,77
JEAN-LOUP,M,76
JACK,M,75
DJAMEL,M,74
MALIK,M,74
YANICK,M,74
RUDY,M,73
ERIK,M,72
ABDELKRIM,M,71
STANISLAS,M,71
FREDY,M,70
BRICE,M,69
CHARLY,M,69
JAMEL,M,69
SÉBASTIEN,M,68
VINCENZO,M,68
CYRIL,M,66
WILFRID,M,66
ARSENE,M,64
AUGUSTIN,M,63
GERVAIS,M,63
MARK,M,63
PIERRE-MARIE,M,63
SALAH,M,63
BORIS,M,62
GAEL,M,62
LIONNEL,M,62
CALOGERO,M,61
CARMELO,M,60
BRAHIM,M,59
CLAUDIO,M,59
JANICK,M,59
SAUVEUR,M,59
ALBAN,M,57
OMAR,M,57
STEPHEN,M,57
PHILIP,M,56
REYNALD,M,56
CHERIF,M,55
PEDRO,M,55
CARLO,M,54
FRANÇOIS-XAVIER,M,54
ABEL,M,53
ANGEL,M,53
RABAH,M,53
YVONNICK,M,53
BENJAMIN,M,52
FLORIAN,M,52
JEAN-HUGUES,M,52
LUIS,M,51
DÉSIRÉ,M,50
JEAN-PATRICK,M,50
GERY,M,49
JEAN-GUY,M,49
JIMMY,M,49
JOACHIM,M,48
SLIMANE,M,48
AXEL,M,47
KARL,M,47
LILIAN,M,47
PIETRO,M,47
BELKACEM,M,46
YAZID,M,46
GUISEPPE,M,45
JEAN-MAURICE,M,45
JEAN-ROBERT,M,45
RAYNALD,M,45
ALBERTO,M,44
JEAN-DOMINIQUE,M,44
CARLOS,M,43
CHRISTOPHER,M,43
CONSTANT,M,43
HILAIRE,M,43
PATRIC,M,43
PIERRE-LOUIS,M,43
SALVADOR,M,43
DJAMAL,M,42
KENNETH,M,42
STEVEN,M,42
JEAN-MAX,M,41
JOHNNY,M,41
SERGIO,M,41
JEREMIE,M,40
JOSIAN,M,40
JUSTIN,M,40
SYLVESTRE,M,40
ALIX,M,39
FERDINAND,M,39
GUSTAVE,M,39
JEAN-ERIC,M,39
JOHNY,M,39
PIERRE-JEAN,M,39
SULLY,M,39
ARTHUR,M,38
EDGARD,M,38
JEAN-DANIEL,M,38
LEONARD,M,38
ROBIN,M,38
FERNANDO,M,37
FLAVIEN,M,37
MOULOUD,M,37
ANTHONY,M,36
PAOLO,M,36
ROSAN,M,36
ABDALLAH,M,35
JESUS,M,35
VIVIAN,M,35
BLAISE,M,34
DOMENICO,M,34
DONALD,M,34
JANY,M,34
JEAN-LOU,M,34
KADER,M,34
LEOPOLD,M,34
ROSAIRE,M,34
YAN,M,34
EXPEDIT,M,33
GREGORY,M,33
JACQUI,M,33
MOUSSA,M,33
THEODORE,M,33
AISSA,M,32
MAXIMIN,M,32
SYLVERE,M,32
TAHAR,M,32
VALERE,M,32
ADOLPHE,M,31
DARIO,M,31
DIEGO,M,31
JERRY,M,31
KLEBER,M,31
LUCIANO,M,31
PETER,M,31
PIERROT,M,31
ROMUALD,M,31
TRISTAN,M,31
WILLIAMS,M,31
CARL,M,30
CLAUDY,M,30
ENZO,M,30
GWENAEL,M,30
HAMED,M,30
JEAN-MARCEL,M,30
MADJID,M,30
MOURAD,M,30
RODRIGUE,M,30
ANTONINO,M,29
BACHIR,M,29
DJEMEL,M,29
GEOFFROY,M,29
LÉO,M,29
MARCEAU,M,29
ROCH,M,29
ABD,M,28
ARNOLD,M,28
FIRMIN,M,28
IGNACE,M,28
IGOR,M,28
JEAN-RAYMOND,M,28
JEANNOT,M,28
SYLVIO,M,28
THIBAULT,M,28
YVES-MARIE,M,28
ALFREDO,M,27
ANTONIN,M,27
ELIAN,M,27
EMILIEN,M,27
GEORGET,M,27
OLLIVIER,M,27
PIERRIC,M,27
VALENTIN,M,27
AMEDEE,M,26
ARNAULD,M,26
BARTHELEMY,M,26
CLOTAIRE,M,26
EMILIO,M,26
GONZAGUE,M,26
HACENE,M,26
JACQUY,M,26
JEAN-GABRIEL,M,26
LORENZO,M,26
MILOUD,M,26
ROSARIO,M,26
SALVATOR,M,26
ACHILLE,M,25
ENRIQUE,M,25
GUILHEM,M,25
JACKI,M,25
MARCELLIN,M,25
RAMON,M,25
RICARDO,M,25
YOLAND,M,25
COSIMO,M,24
DINO,M,24
GAETANO,M,24
HONORE,M,24
JEAN-CHRISTIAN,M,24
JEANNICK,M,24
OMER,M,24
VITO,M,24
FREDERICK,M,23
LÉANDRE,M,23
MARINO,M,23
MUSTAFA,M,23
ABD-EL,M,22
ANTONY,M,22
CHARLIE,M,22
CYRIAQUE,M,22
GARY,M,22
HAMID,M,22
HAROLD,M,22
JANNICK,M,22
JEAN-JOSEPH,M,22
KEVIN,M,22
LAMBERT,M,22
NARCISSE,M,22
PHILIBERT,M,22
RENALD,M,22
TOUSSAINT,M,22
YOUSSEF,M,22
CASIMIR,M,21
DOUGLAS,M,21
EDWARD,M,21
JEAN-MARY,M,21
JIM,M,21
MATHIAS,M,21
RALPH,M,21
ROCCO,M,21
STEVE,M,21
VIANNEY,M,21
VICENTE,M,21
AMBROISE,M,20
ANICET,M,20
BOUALEM,M,20
ERWAN,M,20
FRANC,M,20
JEAN-ANDRÉ,M,20
JEAN-MANUEL,M,20
JOHANN,M,20
MARIANO,M,20
MAURO,M,20
MESSAOUD,M,20
RAFAEL,M,20
SALEM,M,20
TAYEB,M,20
TEDDY,M,20
TIMOTHY,M,20
ABDELAZIZ,M,19
CAROL,M,19
CEDRIC,M,19
CESAR,M,19
DIMITRI,M,19
DJILALI,M,19
DONATO,M,19
EDGAR,M,19
FARIDE,M,19
HABIB,M,19
JAMAL,M,19
LAHCENE,M,19
LARBI,M,19
LEONARDO,M,19
NABIL,M,19
NOURDINE,M,19
PROSPER,M,19
RENATO,M,19
SMAIL,M,19
ANSELME,M,18
ARMANDO,M,18
AZEDINE,M,18
ELOI,M,18
HASSEN,M,18
HECTOR,M,18
KAMAL,M,18
LEONCE,M,18
MARCELIN,M,18
NAZAIRE,M,18
NINO,M,18
PIERRE-ANDRÉ,M,18
PIERRE-HENRI,M,18
SALIM,M,18
TONI,M,18
TONINO,M,18
AKLI,M,17
BRIAN,M,17
CLOVIS,M,17
DEAN,M,17
FAUSTO,M,17
FELICIEN,M,17
GAUTHIER,M,17
JEAN-ANTOINE,M,17
JEAN-FRANCIS,M,17
LOUIS-MARIE,M,17
MARIN,M,17
MOHAND,M,17
YOUCEF,M,17
ANATOLE,M,16
AREZKI,M,16
BEN,M,16
BENOIST,M,16
BRUCE,M,16
DANNY,M,16
DONATIEN,M,16
GONTRAN,M,16
IDIR,M,16
JEAN-HENRI,M,16
JEFFREY,M,16
JOAQUIN,M,16
JOHAN,M,16
LINO,M,16
LORIS,M,16
LUCAY,M,16
MATHURIN,M,16
MATTHIEU,M,16
TANGUY,M,16
THIBAUD,M,16
THIBAUT,M,16
ABDELHAMID,M,15
ATHANASE,M,15
BASILE,M,15
CHARLES-HENRI,M,15
CONSTANTIN,M,15
FRANZ,M,15
GEORGES-MARIE,M,15
GRATIEN,M,15
IRENEE,M,15
JAKY,M,15
JEAN-NICOLAS,M,15
JOAQUIM,M,15
MAHMOUD,M,15
MARIAN,M,15
MATTÉO,M,15
MAXIMILIEN,M,15
POL,M,15
RENZO,M,15
ROMÉO,M,15
SILVAIN,M,15
SILVIO,M,15
VITAL,M,15
ABDERRAHMANE,M,14
AURELIO,M,14
BERTIN,M,14
CELESTIN,M,14
DENYS,M,14
ENRICO,M,14
FREDDI,M,14
GERAUD,M,14
GIANNI,M,14
GUENAEL,M,14
ISIDORE,M,14
JEAN-GEORGES,M,14
JEAN-GILLES,M,14
JEAN-ROGER,M,14
JUDES,M,14
LARRY,M,14
MAURIZIO,M,14
MORAD,M,14
NESTOR,M,14
SAMIR,M,14
SILVERE,M,14
STÉPHAN,M,14
ADRIANO,M,13
ALBERIC,M,13
ALFONSO,M,13
AZIZ,M,13
CHANTAL,M,13
DON,M,13
FILIPPO,M,13
FLOREAL,M,13
GABIN,M,13
GEORGE,M,13
GODEFROY,M,13
JAIME,M,13
JEAN-EMMANUEL,M,13
JEAN-JOSÉ,M,13
JEAN-RÉMY,M,13
LANDRY,M,13
LAZARE,M,13
LYONEL,M,13
MICHEL-ANGE,M,13
MICKAEL,M,13
NADIR,M,13
PIERRE-FRANÇOIS,M,13
RENÉ-PIERRE,M,13
RUDDY,M,13
SACHA,M,13
SANTO,M,13
SYLVIAN,M,13
URBAIN,M,13
YANIK,M,13
ZINE,M,13
ABDELLAH,M,12
ABRAHAM,M,12
ALAN,M,12
ALLAIN,M,12
ARIEL,M,12
ARY,M,12
AZDINE,M,12
BAPTISTE,M,12
CHRISTEL,M,12
EL,M,12
FOUAD,M,12
GIORGIO,M,12
GUIDO,M,12
HAKIM,M,12
HERMANN,M,12
HYACINTHE,M,12
IBRAHIM,M,12
JEAN-LAURENT,M,12
JOSUE,M,12
JULIO,M,12
MARCELLO,M,12
MASSIMO,M,12
MIKAEL,M,12
MILKO,M,12
MORENO,M,12
MURIEL,M,12
PAULIN,M,12
RACHIDE,M,12
RICO,M,12
RINALDO,M,12
SELIM,M,12
SILVANO,M,12
SLIMAN,M,12
STEPHANO,M,12
THÉO,M,12
VITTORIO,M,12
YACINE,M,12
ABDEL-KADER,M,11
ANDREW,M,11
ANTONELLO,M,11
AZZEDINE,M,11
BENITO,M,11
CALIXTE,M,11
CLAUDIE,M,11
DOMINGO,M,11
DORIAN,M,11
EDUARDO,M,11
ERNESTO,M,11
FABIO,M,11
FERHAT,M,11
FRITZ,M,11
FRÉDÉRIQUE,M,11
GABY,M,11
GIAN,M,11
GIANCARLO,M,11
GILES,M,11
GUYLAIN,M,11
HADJ,M,11
IAN,M,11
IRÈNE,M,11
JEAN-DIDIER,M,11
JEAN-FRED,M,11
JEAN-HERVÉ,M,11
JOSSELIN,M,11
JULIAN,M,11
LOUIS-PHILIPPE,M,11
NOE,M,11
NOUREDINE,M,11
PABLO,M,11
PIERRE-ALAIN,M,11
PIERRE-OLIVIER,M,11
THEOPHILE,M,11
TIBURCE,M,11
VALERY,M,11
ABDEL-KRIM,M,10
ALBIN,M,10
ALLAN,M,10
ANDRES,M,10
ATTILIO,M,10
BERNADIN,M,10
BERNARDO,M,10
DENNIS,M,10
DJELLOUL,M,10
DRISS,M,10
ELIO,M,10
FABRIZIO,M,10
FLAVIO,M,10
FRANCISQUE,M,10
GASPARD,M,10
GERARDO,M,10
GISLAIN,M,10
GUY-ALBERT,M,10
HASSAN,M,10
HIPPOLYTE,M,10
JACOB,M,10
JAN,M,10
JEAN-ALAIN,M,10
JEAN-ETIENNE,M,10
JOANNY,M,10
KOUIDER,M,10
LAHCEN,M,10
LAKDAR,M,10
MALEK,M,10
MANSOUR,M,10
MARC-ANDRÉ,M,10
MOUNIR,M,10
NICAISE,M,10
NORDIN,M,10
NOURREDINE,M,10
PASQUALE,M,10
PIERO,M,10
RANDALL,M,10
REGINALD,M,10
RUFIN,M,10
SERVAIS,M,10
SIDI,M,10
STEFAN,M,10
TIMOTHÉE,M,10
YANNIC,M,10
ABDELMAJID,M,9
ALCIDE,M,9
AMAURY,M,9
ARESKI,M,9
ARISTIDE,M,9
ARNAULT,M,9
BOUZIANE,M,9
BRUNEAU,M,9
CAMEL,M,9
CARMINE,M,9
DJEMAL,M,9
EDIE,M,9
ERICH,M,9
FAUSTIN,M,9
FLORENTIN,M,9
GEROME,M,9
GILLE,M,9
GUILAIN,M,9
HANS,M,9
HENRI-PIERRE,M,9
HERIC,M,9
ISAAC,M,9
ISMAEL,M,9
ITALO,M,9
JEAN-ALBERT,M,9
JEAN-GÉRARD,M,9
JEAN-JACK,M,9
JEAN-PATRICE,M,9
JEAN-POL,M,9
JEAN-SYLVAIN,M,9
KLEBERT,M,9
LAKHDAR,M,9
LYAZID,M,9
MARC-ANTOINE,M,9
NICOLA,M,9
OCTAVE,M,9
RENALDO,M,9
RINO,M,9
ROMANO,M,9
SANDRO,M,9
STANLEY,M,9
STEFANO,M,9
SYLVANO,M,9
TERRY,M,9
TINO,M,9
ULYSSE,M,9
UMBERTO,M,9
VALTER,M,9
ZOUBIR,M,9
ABDELHAKIM,M,8
ABDON,M,8
ACHOUR,M,8
ADAM,M,8
ALOYSE,M,8
ANDRÉ-MARIE,M,8
BOUZID,M,8
CATALDO,M,8
CESAIRE,M,8
CORENTIN,M,8
CURTIS,M,8
CYPRIEN,M,8
DJILLALI,M,8
EDY,M,8
EUGENIO,M,8
EUSTACHE,M,8
FAROUK,M,8
FERID,M,8
GERMINAL,M,8
GUISLAIN,M,8
HUGO,M,8
JACQUELIN,M,8
JEAN-BENOÎT,M,8
JEAN-LUCIEN,M,8
JEAN-LÉON,M,8
JOHANNES,M,8
JONNY,M,8
LIN,M,8
LIVIO,M,8
LUCAS,M,8
MAJID,M,8
MANOEL,M,8
MARC-HENRI,M,8
MAURILLE,M,8
MAXENCE,M,8
MORADE,M,8
MOUSTAFA,M,8
NACER,M,8
NAGUIB,M,8
NORMAN,M,8
OSCAR,M,8
PASCUAL,M,8
PIERRE-LUC,M,8
PIERRE-MICHEL,M,8
QUENTIN,M,8
RANDY,M,8
RUDOLPH,M,8
RUDOLPHE,M,8
SANTIAGO,M,8
SAVERIO,M,8
SEBASTIANO,M,8
SERAPHIN,M,8
THERESIEN,M,8
VALENTINO,M,8
VIRGILE,M,8
VIVIEN,M,8
VLADIMIR,M,8
WERNER,M,8
YAHIA,M,8
ABDELHAFID,M,7
AGOSTINO,M,7
AGUSTIN,M,7
AHCENE,M,7
AKIM,M,7
ALEC,M,7
AMED,M,7
ANGE-MARIE,M,7
AUBERT,M,7
BARRY,M,7
BERARD,M,7
BOBBY,M,7
BONIFACE,M,7
CHARLES-ANDRÉ,M,7
CLAIR,M,7
DIEUDONNE,M,7
DJAMIL,M,7
EMERIC,M,7
EVRARD,M,7
FAOUZI,M,7
FATHI,M,7
FELICE,M,7
FRANCE,M,7
GAMEL,M,7
GAËL,M,7
GIACOMO,M,7
GLENN,M,7
GRAZIANO,M,7
HAFID,M,7
HEDI,M,7
HENRI-CLAUDE,M,7
HERBERT,M,7
HERLAND,M,7
HOWARD,M,7
IGNAZIO,M,7
JACQUIE,M,7
JEAN-FRANCOIS,M,7
JEAN-LOÏC,M,7
JEAN-MARTIN,M,7
JEAN-OLIVIER,M,7
JEAN-RICHARD,M,7
JEAN-ROLAND,M,7
JEAN-THIERRY,M,7
JEAN-VICTOR,M,7
JEFFERY,M,7
JOE,M,7
JOSSELYN,M,7
KEITH,M,7
KHALED,M,7
KRIM,M,7
LOUISON,M,7
LOUNES,M,7
LUCIO,M,7
LUIGINO,M,7
MADANI,M,7
MAGID,M,7
MEDARD,M,7
MEDERIC,M,7
MEHDI,M,7
MODESTE,M,7
MOULAY,M,7
NICOLINO,M,7
NOREDINE,M,7
NUNZIO,M,7
ORLANDO,M,7
PAUL-MARIE,M,7
RACHEL,M,7
RAMUNTCHO,M,7
RAYNAL,M,7
RENAN,M,7
RENÉ-CLAUDE,M,7
RENÉ-PAUL,M,7
ROMULE,M,7
RUBEN,M,7
RUSSELL,M,7
SAADI,M,7
SAM,M,7
SAMSON,M,7
SCOTT,M,7
SEVERIN,M,7
TAIEB,M,7
TOUFIK,M,7
TURENNE,M,7
VINCENTE,M,7
YANNIK,M,7
ABBAS,M,6
ABDELMALEK,M,6
ABDELMALIK,M,6
ALBINO,M,6
ALEXANDER,M,6
ALVARO,M,6
ANASTASE,M,6
ANDRÉA,M,6
ARISTE,M,6
AURÉLIEN,M,6
BELAID,M,6
BENAMAR,M,6
BIAGIO,M,6
BILLY,M,6
CLARENCE,M,6
CLERY,M,6
CONRAD,M,6
DALE,M,6
DANTE,M,6
DARIUS,M,6
DORIS,M,6
EDWIN,M,6
ELEUTHERE,M,6
FELIPE,M,6
FORTUNE,M,6
FRANKY,M,6
FRANÇOIS-MARIE,M,6
FREDO,M,6
FULBERT,M,6
GARRY,M,6
GUIREC,M,6
HOUCINE,M,6
ISTVAN,M,6
JEAN-BRUNO,M,6
JEAN-CARLO,M,6
JEAN-CLÉMENT,M,6
JEAN-EMILE,M,6
JEAN-FRÉDÉRIC,M,6
JEAN-ROCH,M,6
JEAN-SERGE,M,6
JEAN-SÉBASTIEN,M,6
JEAN-XAVIER,M,6
JOANNES,M,6
JOCELIN,M,6
JOSÉ-LUIS,M,6
JOSÉ-MARIA,M,6
JUANITO,M,6
JUDE,M,6
JULOT,M,6
JÉROME,M,6
KADOUR,M,6
LAID,M,6
LIBORIO,M,6
LOICK,M,6
LOUIS-PIERRE,M,6
LUCE,M,6
MALICK,M,6
MARY,M,6
MARYAN,M,6
MATTHEW,M,6
MESMIN,M,6
MEZIANE,M,6
MICHAËL,M,6
MICHÈLE,M,6
MINH,M,6
MIRKO,M,6
MOKHTAR,M,6
MOKRANE,M,6
MOKTAR,M,6
NICOLE,M,6
NOUR,M,6
PATRICIO,M,6
PINO,M,6
PLACIDE,M,6
REMO,M,6
RICHEMOND,M,6
RICKY,M,6
RIGOBERT,M,6
ROY,M,6
SAAD,M,6
SABIN,M,6
SAINT-ANGE,M,6
SAMI,M,6
SAMY,M,6
SIDNEY,M,6
VICTORIEN,M,6
WILFRIED,M,6
YANIC,M,6
YVANO,M,6
ABBES,M,5
ABDEL-AZIZ,M,5
ABDELMADJID,M,5
ABDOU,M,5
AIMÉ,M,5
ALICK,M,5
ALLEN,M,5
AOMAR,M,5
ASSEN,M,5
AZIZE,M,5
BENEDETTO,M,5
BENEDICT,M,5
BERTY,M,5
BLANCHE,M,5
BOUALAM,M,5
CHABANE,M,5
COME,M,5
DAMIENS,M,5
DELPHIN,M,5
DOMINIC,M,5
DOMINICO,M,5
EDDI,M,5
EDME,M,5
ELIN,M,5
ERWIN,M,5
EZIO,M,5
FABIAN,M,5
FARHAT,M,5
FAYCAL,M,5
FORTUNATO,M,5
FRANÇIS,M,5
GAMAL,M,5
GESNER,M,5
GINES,M,5
GIULIO,M,5
GREGORIO,M,5
GUENOLE,M,5
HACEN,M,5
HACHEMI,M,5
HARY,M,5
HERMAN,M,5
HORACE,M,5
IVANO,M,5
JAHID,M,5
JAMELLE,M,5
JAVIER,M,5
JEAN-ELIE,M,5
JEAN-FÉLIX,M,5
JEAN-GUILLAUME,M,5
JEAN-JOËL,M,5
JEAN-STÉPHANE,M,5
JEAN-VINCENT,M,5
JHONNY,M,5
JOACHIN,M,5
JOAN,M,5
JONAS,M,5
JONNHY,M,5
JUST,M,5
JUSTE,M,5
KADDOUR,M,5
KIM,M,5
LASZLO,M,5
LIAZID,M,5
LOUIS-GEORGES,M,5
LOÏS,M,5
LYONNEL,M,5
MAMAR,M,5
MAMOUD,M,5
MARCELINO,M,5
MIKE,M,5
MOÏSE,M,5
ODILE,M,5
OUASSINI,M,5
PATRIK,M,5
PAUL-HENRI,M,5
PIERRE-ANTOINE,M,5
PIERRE-EMMANUEL,M,5
PIERRIK,M,5
PRIMO,M,5
RENÉ-JEAN,M,5
RICCARDO,M,5
RIDA,M,5
ROMAN,M,5
RUSSEL,M,5
SABINO,M,5
SADEK,M,5
SAINT-CYR,M,5
SALA,M,5
SMAEL,M,5
THANH,M,5
THIÉRY,M,5
THÉODORE,M,5
TIZIANO,M,5
TOMMASO,M,5
WAYNE,M,5
YASID,M,5
YONNEL,M,5
YVONNIC,M,5
ZINEDINE,M,5
ABDEL-HAMID,M,4
ABDELHA,M,4
ABDELHALIM,M,4
ABDELKARIM,M,4
ABDERAHMAN,M,4
ABDOUL,M,4
ABED,M,4
AGNAN,M,4
ALEXANDRO,M,4
AMADOU,M,4
AMEDE,M,4
ANDRÉ-PIERRE,M,4
ANGÉLO,M,4
ANIEL,M,4
ANTONI,M,4
ARAB,M,4
ARRY,M,4
AUREL,M,4
AZEDDINE,M,4
AZOUZ,M,4
BARBE,M,4
BERTHE,M,4
BOUMEDIENE,M,4
BRIGITTE,M,4
CARMEL,M,4
CARMINO,M,4
CASIMIRO,M,4
CASIMO,M,4
CELESTINO,M,4
CHARLEMAGNE,M,4
CLAUDIUS,M,4
CLIFFORD,M,4
COLBERT,M,4
CORRADO,M,4
CYR,M,4
DAHMANE,M,4
DAN,M,4
DANICK,M,4
DEREK,M,4
DESIR,M,4
DJELALI,M,4
DOMINICK,M,4
DONAT,M,4
DOROTHEE,M,4
EDWIGE,M,4
ELISABETH,M,4
ELISEE,M,4
EPIPHANE,M,4
ERICO,M,4
ERMINIO,M,4
ETTORE,M,4
EULOGE,M,4
EVARISTE,M,4
FAUSTINO,M,4
FAWZI,M,4
FIDEL,M,4
FLORIS,M,4
FRANCIUS,M,4
FRANCKY,M,4
FRANKIE,M,4
FRANKLIN,M,4
FRANÇOIS-REGIS,M,4
FREDERIK,M,4
FRÉDÉRICK,M,4
GATIEN,M,4
GERRY,M,4
GIANFRANCO,M,4
GINOT,M,4
GIULIANO,M,4
GOULVEN,M,4
GREGOR,M,4
GUY-ANDRÉ,M,4
GUYTO,M,4
HALIM,M,4
HELIN,M,4
HENRI-PAUL,M,4
HUGHES,M,4
HUMBERT,M,4
INEL,M,4
IVRIN,M,4
JACKSON,M,4
JACQUES-ANDRÉ,M,4
JANIC,M,4
JANIK,M,4
JANNY,M,4
JASMIN,M,4
JEAN-BERTRAND,M,4
JEAN-CAMILLE,M,4
JEAN-CYRIL,M,4
JEAN-CYRILLE,M,4
JEAN-EDOUARD,M,4
JEAN-EUDES,M,4
JEAN-HUBERT,M,4
JEAN-JEROME,M,4
JON,M,4
JONATHAN,M,4
JORIS,M,4
JOSÉ-MARIE,M,4
JUDEX,M,4
JULIUS,M,4
KACI,M,4
KAREL,M,4
LADISLAS,M,4
LAURENCE,M,4
LAWRENCE,M,4
LEZIN,M,4
LOUIS-CHARLES,M,4
LOUIS-FÉLIX,M,4
LOUNIS,M,4
LUIZ,M,4
MABROUK,M,4
MAGIDE,M,4
MAGLOIRE,M,4
MAKLOUF,M,4
MARCOS,M,4
MARIE-JOSEPH,M,4
MARIE-JOSÉ,M,4
MARTINO,M,4
MATERNE,M,4
MATÉO,M,4
MAURICIO,M,4
MELIK,M,4
MEYER,M,4
MICAEL,M,4
MIRCO,M,4
MONIQUE,M,4
MOUSTAPHA,M,4
NABILE,M,4
NASER,M,4
NASREDDINE,M,4
NICK,M,4
NIKITA,M,4
NONCE,M,4
OLGA,M,4
ORAZIO,M,4
OURS,M,4
PAOLINO,M,4
PARIS,M,4
PATRIZIO,M,4
PEPITO,M,4
PHILBERT,M,4
PHILIPE,M,4
PHILIPP,M,4
PHILIPPO,M,4
PHILLIP,M,4
PIERINO,M,4
PIERRE-ETIENNE,M,4
PIERRE-HENRY,M,4
PIERRE-JACQUES,M,4
PIERRE-PAUL,M,4
RAFFAELE,M,4
RAINIER,M,4
RALF,M,4
RAMDANE,M,4
RENÉ-MARC,M,4
RIEUL,M,4
RODOLFO,M,4
RONY,M,4
SADI,M,4
SALOMON,M,4
SANDOR,M,4
SANTOS,M,4
SCHOLASTIQUE,M,4
SEAN,M,4
SIMEON,M,4
SLIM,M,4
SLIMEN,M,4
STANIS,M,4
TIMOLEON,M,4
TOMY,M,4
UGO,M,4
VALERIO,M,4
VAN,M,4
VICTORIANO,M,4
WILSON,M,4
YOUSEF,M,4
ZOLTAN,M,4
ZOÉ,M,4
AARON,M,3
ABDE,M,3
ABDEL-MALEK,M,3
ABDEL-NASSER,M,3
ABDELA,M,3
ABDELHAK,M,3
ABDELNASSER,M,3
ABDELWAHAB,M,3
ABDENBI,M,3
ABDENOR,M,3
ABDERAHMANE,M,3
ABES,M,3
ALLAOUA,M,3
ALOIS,M,3
ALONSO,M,3
AMAND,M,3
AMEDEO,M,3
AMIROUCHE,M,3
AMODE,M,3
AMOR,M,3
ANDRÉ-JEAN,M,3
ANGÈLE,M,3
ANONYME,M,3
ANTAR,M,3
APOLLINAIRE,M,3
ARCADE,M,3
ARCHANGE,M,3
ARNO,M,3
ARSÈNE,M,3
ARTHURO,M,3
AUDE,M,3
AVIT,M,3
BALTHAZAR,M,3
BARNABE,M,3
BAUDOUIN,M,3
BAUTISTA,M,3
BAYARD,M,3
BENALI,M,3
BERNABE,M,3
BERTE,M,3
BERTHOLD,M,3
BERTIL,M,3
BIENVENU,M,3
BLAS,M,3
BOUDJEMAA,M,3
BOUSSAD,M,3
BRADLEY,M,3
BRETT,M,3
BRUNOT,M,3
CARMELLO,M,3
CATHERINE,M,3
CECIL,M,3
CEDRICK,M,3
CELSO,M,3
CHAIB,M,3
CHARLOT,M,3
CHRISTOPH,M,3
CLAY,M,3
CLET,M,3
CLIFTON,M,3
CONSTANTINO,M,3
CRISTOBAL,M,3
DAMIAN,M,3
DANILO,M,3
DAOUD,M,3
DIDIE,M,3
DIMITRY,M,3
DJOUDI,M,3
DOCTROVE,M,3
DOCTROVEE,M,3
EDI,M,3
EDVIN,M,3
ELAIN,M,3
ELIEN,M,3
ELVIS,M,3
ENNIO,M,3
ERCOLE,M,3
EVARISTO,M,3
FABRICIO,M,3
FARRID,M,3
FATAH,M,3
FEDERICO,M,3
FELICITE,M,3
FERDINANDO,M,3
FETHI,M,3
FIORENZO,M,3
FOUED,M,3
FRANÇOIS-MICHEL,M,3
FREDERICO,M,3
GASPAR,M,3
GENE,M,3
GENTIL,M,3
GEORGES-HENRI,M,3
GEORGIO,M,3
GERHARD,M,3
GERLANDO,M,3
GILALI,M,3
GIOVANI,M,3
GIROLAMO,M,3
GONZALO,M,3
GUENHAEL,M,3
GUILLERMO,M,3
GUY-RENÉ,M,3
GWENOLE,M,3
GYSLAIN,M,3
GÉRARD-PHILIPPE,M,3
HADI,M,3
HAMMED,M,3
HAMZA,M,3
HANAFI,M,3
HASSENE,M,3
HELIOS,M,3
HELMUT,M,3
HENRI-GEORGES,M,3
HENRIC,M,3
HENRIO,M,3
HENRIQUE,M,3
HILARIO,M,3
HOUARI,M,3
HUGH,M,3
IBRAHIMA,M,3
IGNACIO,M,3
ILDEVERT,M,3
ISIDORO,M,3
JACQUES-OLIVIER,M,3
JACQUES-YVES,M,3
JAMMES,M,3
JAMY,M,3
JANOS,M,3
JAY,M,3
JEAN-AIME,M,3
JEAN-DAMIEN,M,3
JEAN-DAVID,M,3
JEAN-FRANCK,M,3
JEAN-FRANCO,M,3
JEAN-GILBERT,M,3
JEAN-LIONEL,M,3
JEAN-MATHIEU,M,3
JEAN-REGIS,M,3
JEANICK,M,3
JEANNY,M,3
JEREMY,M,3
JERÔME,M,3
JOBY,M,3
JORGE,M,3
JOSEF,M,3
JOSEPH-MARIE,M,3
JOSÉ-LOUIS,M,3
JUNOT,M,3
JUSTO,M,3
JÉRÉMIE,M,3
KADDER,M,3
KALED,M,3
KAROL,M,3
KHALID,M,3
KHELIFA,M,3
KLÉBER,M,3
KUIDER,M,3
LACHEMI,M,3
LAHOUCINE,M,3
LAURENZO,M,3
LAZHAR,M,3
LAZZARO,M,3
LEE,M,3
LEONEL,M,3
LEONUS,M,3
LOIK,M,3
LOTHAIRE,M,3
LOTHAR,M,3
LOUIS-JOSEPH,M,3
LOUTFI,M,3
LUC-MICHEL,M,3
LUCA,M,3
LUCO,M,3
LUDWIG,M,3
LUIGGI,M,3
LYSIAN,M,3
LÉONCE,M,3
MAAMAR,M,3
MAC,M,3
MAHFOUD,M,3
MALO,M,3
MAMADOU,M,3
MANFRED,M,3
MARC-JEAN,M,3
MARCELLUS,M,3
MARCK,M,3
MARIE-ANDRÉ,M,3
MARIE-CLAUDE,M,3
MARIE-PIERRE,M,3
MARIEN,M,3
MARION,M,3
MARYVON,M,3
MERYL,M,3
MICHEL-PIERRE,M,3
MILAN,M,3
MIMOUN,M,3
MOHAMAD,M,3
MONY,M,3
MORAND,M,3
MOSTAPHA,M,3
MYRIAM,M,3
NAGIB,M,3
NAM,M,3
NAPOLEON,M,3
NASREDINE,M,3
NATALE,M,3
NATALINO,M,3
NICOL,M,3
NICOLO,M,3
NORDI,M,3
NOUR-DINE,M,3
NOUR-EDDINE,M,3
OCTAVIO,M,3
OCULI,M,3
ODON,M,3
OLAF,M,3
ONOFRIO,M,3
OSMAN,M,3
OUAHID,M,3
OUALI,M,3
PARFAIT,M,3
PASQUAL,M,3
PASQUIN,M,3
PIER,M,3
PIERICK,M,3
PIERRE-CHRISTOPHE,M,3
PIERRE-EDOUARD,M,3
PIERRE-GILLES,M,3
PIERRE-MARC,M,3
PIO,M,3
RAIMONDO,M,3
RANDAL,M,3
RAYNAUD,M,3
REDA,M,3
RENÉ-LOUIS,M,3
RICHELIEU,M,3
RICHEMONT,M,3
RIDHA,M,3
ROGER-PIERRE,M,3
ROLANDO,M,3
ROLF,M,3
RUDOLF,M,3
RUFFIN,M,3
SABRI,M,3
SADOK,M,3
SAINT-YVES,M,3
SAINTE-CROIX,M,3
SALIME,M,3
SASSI,M,3
SATURNIN,M,3
SAÏD,M,3
SEGHIR,M,3
SERGES,M,3
SI,M,3
SID,M,3
SIDOINE,M,3
SIMPLICE,M,3
SOREL,M,3
STEFANE,M,3
STEWART,M,3
STUART,M,3
TANNEGUY,M,3
TEODORO,M,3
TERRANCE,M,3
THIERRI,M,3
THIMOTHEE,M,3
TIBERIO,M,3
TOMAS,M,3
TRACY,M,3
VALÉRIE,M,3
VICTORIO,M,3
WAHID,M,3
WARREN,M,3
WILHELM,M,3
WILHEM,M,3
WILLI,M,3
YAMINE,M,3
YONNICK,M,3
YORICK,M,3
YOUNES,M,3
YOUNOUS,M,3
YVAIN,M,3
YVES-ANDRÉ,M,3
YVES-MICHEL,M,3
YVONICK,M,3
ZINE-DINE,M,3
ZOBER,M,3
CATHERINE,F,18046
SYLVIE,F,17654
CHRISTINE,F,15156
MARIE,F,15023
BRIGITTE,F,14614
MARTINE,F,13575
PATRICIA,F,11497
FRANÇOISE,F,10228
VÉRONIQUE,F,10215
ISABELLE,F,9921
PASCALE,F,8006
CHANTAL,F,7853
DOMINIQUE,F,7807
NADINE,F,6831
CORINNE,F,6152
ANNIE,F,5535
BÉATRICE,F,5485
EVELYNE,F,4892
ANNE,F,4810
NICOLE,F,4603
MONIQUE,F,4596
LAURENCE,F,4374
CLAUDINE,F,4195
ELISABETH,F,4109
MARIE-CHRISTINE,F,4076
MICHÈLE,F,3919
FABIENNE,F,3890
JOËLLE,F,3427
JOCELYNE,F,3381
AGNÈS,F,3357
ANNICK,F,3289
FLORENCE,F,3219
CHRISTIANE,F,2865
MARYSE,F,2831
NATHALIE,F,2829
ANNE-MARIE,F,2718
BERNADETTE,F,2694
HÉLÈNE,F,2593
MURIEL,F,2592
MIREILLE,F,2549
JACQUELINE,F,2473
JOSIANE,F,2468
GHISLAINE,F,2403
ODILE,F,2178
SOPHIE,F,2145
DANIELLE,F,2098
SYLVIANE,F,2073
RÉGINE,F,2017
GENEVIÈVE,F,1987
VIVIANE,F,1951
MYRIAM,F,1833
MICHELLE,F,1821
MARIE-CLAUDE,F,1800
MARYLINE,F,1775
MARIE-HÉLÈNE,F,1729
CAROLE,F,1703
COLETTE,F,1522
NELLY,F,1522
FRANCINE,F,1489
CLAIRE,F,1413
MARIE-FRANCE,F,1411
ELIANE,F,1410
MARIE-THÉRÈSE,F,1379
MARIE-JOSÉ,F,1367
VALÉRIE,F,1360
MARIE-PIERRE,F,1353
NADIA,F,1337
DANIELE,F,1329
GISÈLE,F,1315
SABINE,F,1298
EDITH,F,1285
LILIANE,F,1254
LYDIE,F,1186
FRÉDÉRIQUE,F,1182
MARIE-LINE,F,1162
MARIE-CLAIRE,F,1109
THÉRÈSE,F,1092
MURIELLE,F,1077
CAROLINE,F,1040
DENISE,F,1029
JOSETTE,F,1026
MARIE-FRANÇOISE,F,981
MARIA,F,970
ANITA,F,950
MARIE-NOËLLE,F,925
CÉCILE,F,904
YVETTE,F,856
YOLANDE,F,832
CLAUDE,F,795
ROSELYNE,F,786
MARIE-LAURE,F,784
CORINE,F,782
MARYLENE,F,773
PIERRETTE,F,773
MARIANNE,F,768
JEANNINE,F,750
SOLANGE,F,732
CLAUDIE,F,729
ALINE,F,703
MARIE-PAULE,F,697
SONIA,F,678
JEANNE,F,619
NOËLLE,F,605
SYLVIA,F,592
ARMELLE,F,589
MARYVONNE,F,576
MICHELINE,F,569
ANDRÉE,F,560
ARLETTE,F,556
MARIE-ANGE,F,556
LYDIA,F,525
ROSELINE,F,515
SUZANNE,F,505
SIMONE,F,494
LAURE,F,491
MALIKA,F,483
MARLÈNE,F,483
GINETTE,F,468
MADELEINE,F,465
BENEDICTE,F,461
MARIE-ODILE,F,458
IRÈNE,F,455
RENÉE,F,446
BLANDINE,F,438
HUGUETTE,F,438
CLAUDETTE,F,434
ANNETTE,F,433
CARMEN,F,421
ROSE,F,417
PAULETTE,F,399
RAYMONDE,F,381
MARGUERITE,F,377
MARINA,F,362
MAURICETTE,F,357
VIRGINIE,F,357
NADEGE,F,355
ANTOINETTE,F,351
GUYLAINE,F,350
MYLÈNE,F,350
SANDRINE,F,348
ANNA,F,346
MARIE-ANNE,F,342
LYSIANE,F,341
FATIMA,F,335
CATHY,F,330
MARIE-AGNÈS,F,330
MARCELLE,F,323
LINDA,F,322
MARIE-JOSEE,F,321
EMMANUELLE,F,319
MARIE-JEANNE,F,319
MARIE-LOUISE,F,316
LUCETTE,F,312
ROSE-MARIE,F,308
SYLVETTE,F,302
MARIE-ANNICK,F,299
ODETTE,F,298
YVONNE,F,298
JEANINE,F,292
SYLVAINE,F,281
DANY,F,280
EVELINE,F,280
JANINE,F,280
LUCIENNE,F,276
LINE,F,271
YVELINE,F,268
EDWIGE,F,263
MARILYNE,F,258
MARIE-CHANTAL,F,252
KATIA,F,251
MARIE-JOSEPHE,F,249
GABRIELLE,F,246
PASCALINE,F,243
FRANCE,F,241
YASMINA,F,239
JULIETTE,F,229
LOUISE,F,228
MARIE-ROSE,F,224
DALILA,F,223
ANGÈLE,F,222
JOSEPHINE,F,219
GERALDINE,F,216
VIOLETTE,F,216
MAGALI,F,212
MARINETTE,F,212
MARIE-MADELEINE,F,210
DJAMILA,F,209
FARIDA,F,206
LUCIE,F,206
DOLORES,F,204
MARIE-DOMINIQUE,F,201
MARIE-ANDRÉE,F,200
GEORGETTE,F,199
CARINE,F,194
YAMINA,F,194
CÉLINE,F,191
HENRIETTE,F,190
PAULE,F,190
ALICE,F,188
GILBERTE,F,180
RACHEL,F,175
GRAZIELLA,F,174
MARIE-PASCALE,F,172
MARIE-LISE,F,169
DORIS,F,168
ELISE,F,168
ROLANDE,F,167
BETTY,F,164
LOUISETTE,F,164
CLARISSE,F,158
AICHA,F,156
KARINE,F,156
LOUISA,F,150
DOROTHEE,F,149
MARIE-LAURENCE,F,148
MARIE-LUCE,F,148
JEANNETTE,F,147
LAURETTE,F,147
YANNICK,F,144
MARIE-ANTOINETTE,F,140
ROSINE,F,140
CHRISTEL,F,139
RITA,F,138
ARIANE,F,137
CLOTILDE,F,137
MAUD,F,136
LISE,F,134
MARIE-CATHERINE,F,134
BARBARA,F,131
MARIE-CÉCILE,F,131
MARIELLE,F,131
DIANE,F,130
CATHIE,F,129
GISLAINE,F,128
GUYLENE,F,128
ROSA,F,126
MARTHE,F,125
MATHILDE,F,125
REJANE,F,125
OLGA,F,124
DANIÈLE,F,123
FRANCETTE,F,123
FATIHA,F,119
CHRISTELLE,F,117
ASTRID,F,116
SANDRA,F,116
GINA,F,115
GERMAINE,F,113
LINA,F,113
ANNY,F,112
GUILAINE,F,112
ESTELLE,F,111
PAOLA,F,109
ADELINE,F,107
DORIANE,F,107
LAURA,F,107
REINE,F,105
MARYLISE,F,104
MARIE-BERNADETTE,F,103
ANGELA,F,102
CAROL,F,102
CHARLINE,F,101
LUCILE,F,100
YOLAINE,F,99
CHANTALE,F,97
MARGARET,F,95
LEILA,F,93
MARILYN,F,93
JOSEE,F,91
NOELLA,F,91
LUCIA,F,90
ROBERTE,F,90
NORA,F,89
JAMILA,F,88
ARIELLE,F,87
DIANA,F,87
LISIANE,F,87
ASTRIDE,F,85
FATMA,F,85
NANCY,F,85
ELIZABETH,F,84
FERNANDE,F,84
STÉPHANIE,F,84
MANUELA,F,83
MARION,F,83
STELLA,F,83
SARAH,F,82
ANTONIA,F,80
GHYSLAINE,F,80
ESTHER,F,79
RACHIDA,F,79
AUDE,F,78
CHARLOTTE,F,78
EVA,F,78
FANNY,F,78
MARIE-JOËLLE,F,78
YASMINE,F,77
MARIE-ELISABETH,F,76
MAGUY,F,75
ROSETTE,F,75
ZOHRA,F,73
MARCELLINE,F,72
GAELLE,F,71
IDA,F,70
OLIVIA,F,70
CAMILLE,F,69
JULIENNE,F,69
MARIE-RENÉE,F,69
GIOVANNA,F,68
KATY,F,68
CLAUDIA,F,66
ANGELINA,F,65
FLORA,F,64
SAMIA,F,64
MUGUETTE,F,63
SYLVANA,F,63
VIOLAINE,F,63
SERGINE,F,62
SOPHIA,F,62
ALEXANDRA,F,61
ELIETTE,F,61
EVE,F,61
GLADYS,F,61
MARIETTE,F,61
MARY,F,61
PAULINE,F,61
CLARA,F,60
FADILA,F,60
GAETANE,F,60
JASMINE,F,60
JOSSELYNE,F,60
JUDITH,F,60
KATHY,F,60
LÉONE,F,60
ADRIENNE,F,59
AURORE,F,59
CARMELA,F,59
MARIE-GABRIELLE,F,59
SUZY,F,59
SYLVIANNE,F,59
ALBERTE,F,58
MARIE-CÉLINE,F,58
SORAYA,F,58
AIMÉE,F,57
ANICK,F,57
ANNE-LISE,F,57
KARIMA,F,57
DELPHINE,F,56
LISETTE,F,56
LUCE,F,56
MANUELLA,F,56
MERCEDES,F,56
MURIELE,F,56
ROSITA,F,56
ANDRÉA,F,54
CHRISTINA,F,54
EMILIENNE,F,54
MIRELLA,F,54
NASSERA,F,54
YVELISE,F,54
ARMANDE,F,53
INÈS,F,53
MARIE-REINE,F,53
ROSALIE,F,53
JOSELYNE,F,52
JULIA,F,52
SABRINA,F,52
SUZETTE,F,52
FLORIANE,F,51
MARYLÈNE,F,51
LÉA,F,50
BÉNÉDICTE,F,49
FRANCESCA,F,49
KAREN,F,49
TANIA,F,49
BETTINA,F,48
HOURIA,F,48
BEATRIX,F,47
CHRISTÈLE,F,47
CONCETTA,F,47
INGRID,F,47
JULIE,F,47
MARIE-ISABELLE,F,47
SILVANA,F,47
EMILIE,F,46
FRANCA,F,46
JEANNE-MARIE,F,46
ALEXANDRINE,F,45
ANNE-FRANÇOISE,F,45
ANNITA,F,45
FRANCIANE,F,45
JOSSELINE,F,45
BERTHE,F,44
CONSTANCE,F,44
JOSIANNE,F,44
ANGELINE,F,43
ANNE-SOPHIE,F,43
COSETTE,F,43
DALIDA,F,43
JANICK,F,43
KETTY,F,43
MARIE-BRIGITTE,F,43
MARINE,F,43
ALIETTE,F,42
MARIE-YVONNE,F,42
TERESA,F,42
VICTOIRE,F,42
ANNIE-CLAUDE,F,41
BLANCHE,F,41
ERIKA,F,41
HELENA,F,41
REBECCA,F,41
ROSEMONDE,F,41
VALENTINE,F,41
DAISY,F,40
EMMA,F,40
EUGÉNIE,F,40
GUILLEMETTE,F,40
GWENAELLE,F,40
SADIA,F,40
SIMONNE,F,40
ANNA-MARIA,F,39
FABIOLA,F,39
FRANCISCA,F,39
KATHERINE,F,39
SALIMA,F,39
CORRINE,F,38
MANUELLE,F,38
MARCELINE,F,38
JANY,F,37
MARIANE,F,37
MARIANNICK,F,37
NICAISE,F,37
PIA,F,37
ROSE-LINE,F,37
SOIZIC,F,37
VICTORIA,F,37
GUISLAINE,F,36
JEANNICK,F,36
KARIN,F,36
LYNDA,F,36
MARIE-BÉATRICE,F,36
MARIE-VÉRONIQUE,F,36
MARILINE,F,36
MARYANNICK,F,36
ADÈLE,F,35
AMÉLIE,F,35
ANTONELLA,F,35
BERANGERE,F,35
DEBORAH,F,35
GISLHAINE,F,35
GIUSEPPINA,F,35
GLORIA,F,35
MAITE,F,35
MARIE-CAROLINE,F,35
MARIE-EDITH,F,35
MARIE-LYNE,F,35
ROXANE,F,35
SALIHA,F,35
SUSAN,F,35
ZORA,F,35
ELEONORE,F,34
GILDA,F,34
JOSEPHE,F,34
LILA,F,34
MARIE-ANGÈLE,F,34
STÉPHANE,F,34
CHERIFA,F,33
IRMA,F,33
JOSYANE,F,33
MARIE-BLANCHE,F,33
MARYLIN,F,33
RAPHAELLE,F,33
AGATHE,F,32
ALIX,F,32
ELVIRE,F,32
GABY,F,32
ZOUBIDA,F,32
LIDIA,F,31
MARJORIE,F,31
NAIMA,F,31
NATACHA,F,31
PILAR,F,31
ROSARIA,F,31
DEBRA,F,30
DINA,F,30
ELISA,F,30
GWENOLA,F,30
GYSLAINE,F,30
JOSELINE,F,30
LUISA,F,30
MARIE-ALINE,F,30
MARIE-JOSÉE,F,30
MARIE-SYLVIE,F,30
MESSAOUDA,F,30
PHILOMENE,F,30
REINE-MARIE,F,30
THERESA,F,30
DONNA,F,29
FRANCELISE,F,29
MARIE-ALICE,F,29
MARILENE,F,29
NADÈGE,F,29
RAPHAELE,F,29
SEVERINE,F,29
SONJA,F,29
VINCENTE,F,29
ANTONIETTA,F,28
CAROLLE,F,28
CYNTHIA,F,28
CÉCILIA,F,28
FLORE,F,28
ISABEL,F,28
JENNY,F,28
LORRAINE,F,28
LOUISIANE,F,28
MARIE-ANNIE,F,28
ANGELIQUE,F,27
AUGUSTINE,F,27
CHRISTIANNE,F,27
CLÉMENCE,F,27
ETIENNETTE,F,27
GERTY,F,27
LAETITIA,F,27
LAILA,F,27
NADIEGE,F,27
NORIA,F,27
ROZENN,F,27
VIOLETTA,F,27
ANNAICK,F,26
ANNE-CLAIRE,F,26
FLORINE,F,26
GERVAISE,F,26
HABIBA,F,26
JEANNIE,F,26
LÉONIE,F,26
MARIE-AIMÉE,F,26
MARIE-CARMEN,F,26
MARIE-ELISE,F,26
MARISA,F,26
MYRIAME,F,26
ZAHIA,F,26
ANNE-LAURE,F,25
ANNIK,F,25
CARLA,F,25
FRANCE-LISE,F,25
GÉRALDINE,F,25
HALIMA,F,25
JOSY,F,25
LORETTE,F,25
MARIE-AUDE,F,25
MARIE-JOSEPH,F,25
MARIE-SOPHIE,F,25
NICOLLE,F,25
PERRINE,F,25
RACHELLE,F,25
REGINA,F,25
SABAH,F,25
SUZELLE,F,25
ELSA,F,24
JOCELINE,F,24
JOSÉPHINE,F,24
JUSTINE,F,24
MARIE-FLORENCE,F,24
NATALIE,F,24
NICOLETTE,F,24
NINA,F,24
ROMAINE,F,24
BERENGERE,F,23
BRUNA,F,23
CARINNE,F,23
HAFIDA,F,23
HORIA,F,23
JANNICK,F,23
LISA,F,23
MARGARETH,F,23
MARIE-GENEVIÈVE,F,23
OUARDA,F,23
PATRICE,F,23
ANA,F,22
ANNE-FRANCE,F,22
BRENDA,F,22
GERTRUDE,F,22
GRAZIA,F,22
GUISEPPINA,F,22
HORTENSE,F,22
JOSÉ,F,22
MAGALIE,F,22
MARIE-EVE,F,22
MARIE-MARTINE,F,22
MARISE,F,22
MONICA,F,22
OUARDIA,F,22
ROSALIA,F,22
WANDA,F,22
ALBERTINE,F,21
ANNE-CATHERINE,F,21
EDMONDE,F,21
GEORGINA,F,21
GUILENE,F,21
IRIS,F,21
MARIE-JOSÈPHE,F,21
ROSE-MAY,F,21
RUTH,F,21
SHARON,F,21
THÉRÈSE-MARIE,F,21
VINCENZA,F,21
VIVIANNE,F,21
ALBANE,F,20
CATERINA,F,20
CHERYL,F,20
CHRYSTELLE,F,20
CLAIRETTE,F,20
CLAUDY,F,20
CONCEPTION,F,20
EMILIA,F,20
JOSIE,F,20
KATHLEEN,F,20
MARIE-BENEDICTE,F,20
NADEIGE,F,20
NELLA,F,20
PAQUITA,F,20
ROSE-NOËLLE,F,20
SAIDA,F,20
YOLENE,F,20
ALICIA,F,19
ANNE-CLAUDE,F,19
BAYA,F,19
CENDRINE,F,19
GABRIELLA,F,19
JACKIE,F,19
MARIE-ASTRID,F,19
MARIE-DANIELLE,F,19
MARJOLAINE,F,19
MARLYSE,F,19
TASSADIT,F,19
ZAIA,F,19
ADELAIDE,F,18
CALOGERA,F,18
CARINA,F,18
CATY,F,18
CHRYSTEL,F,18
DJEMILA,F,18
DORIANNE,F,18
DORINE,F,18
MARIE-CLAUDINE,F,18
MARIE-MICHÈLE,F,18
MARIETTA,F,18
MIRIAM,F,18
MONETTE,F,18
MYRIANNE,F,18
ORIA,F,18
PAMELA,F,18
REINE-CLAUDE,F,18
ROSANNA,F,18
TINA,F,18
ANN,F,17
ANNABELLE,F,17
ANNE-YVONNE,F,17
CONCHITA,F,17
DOLORÈS,F,17
LORELLA,F,17
MARIE-MICHELLE,F,17
MARIKA,F,17
MELIKA,F,17
MIMOSE,F,17
SALEHA,F,17
VICTORINE,F,17
ANNE-CHRISTINE,F,16
ANNELISE,F,16
ASSUNTA,F,16
ELENA,F,16
EMMANUELLA,F,16
JOSEFA,F,16
JUANITA,F,16
JULIANA,F,16
KELLY,F,16
LOETITIA,F,16
LUCIANA,F,16
LYLIANE,F,16
MARIE-BERNARD,F,16
MARIE-COLETTE,F,16
MARIE-FLORE,F,16
MARILYSE,F,16
MONA,F,16
MÉLANIE,F,16
OURIDA,F,16
PAQUERETTE,F,16
ROSARIO,F,16
SAKINA,F,16
SERVANE,F,16
SILVIA,F,16
TATIANA,F,16
VIRGINIA,F,16
ZAKIA,F,16
ÉLISABETH,F,16
ANOUK,F,15
CHARLETTE,F,15
DESIREE,F,15
ERNESTINE,F,15
EULALIE,F,15
FATHIA,F,15
FATIA,F,15
FRANCELINE,F,15
GRACE,F,15
HONORINE,F,15
IVANA,F,15
JANIE,F,15
LESLIE,F,15
LUCRECE,F,15
MARGUERITE-MARIE,F,15
MARIE-ARMELLE,F,15
MARIE-CHRISTIANE,F,15
MARIE-DANIELE,F,15
MARIE-GEORGES,F,15
MARIE-JOSEPHINE,F,15
MARIELLA,F,15
NASSIRA,F,15
RABIA,F,15
ROSINA,F,15
SIGRID,F,15
SUZIE,F,15
ZOUINA,F,15
ADRIANA,F,14
ALBINE,F,14
ALETH,F,14
ANGE,F,14
ARLENE,F,14
BAHIA,F,14
BERTILLE,F,14
CARMELINA,F,14
CATHIA,F,14
CLÉMENTINE,F,14
DONATELLA,F,14
DONATIENNE,F,14
ESMERALDA,F,14
FELICIA,F,14
FIORELLA,F,14
GEORGE,F,14
HERMINE,F,14
ISABELLA,F,14
JANE,F,14
JOELE,F,14
JOSEPHA,F,14
JUANA,F,14
KARINA,F,14
KHEIRA,F,14
MARIE-SOLANGE,F,14
MARY-LINE,F,14
MIRETTE,F,14
NOURA,F,14
OURDIA,F,14
PAULA,F,14
REINETTE,F,14
ROSANE,F,14
ROSETTA,F,14
SAFIA,F,14
VENISE,F,14
AMINA,F,13
ANNELIESE,F,13
BELINDA,F,13
CATHERINA,F,13
CELESTINE,F,13
CHRISTA,F,13
DOROTHY,F,13
EMMANUELE,F,13
FATNA,F,13
FELICITE,F,13
GUENOLA,F,13
LATIFA,F,13
LAURIANE,F,13
LILAS,F,13
MARCELLA,F,13
MARIA-DOLORES,F,13
MARIE-EMMANUELLE,F,13
MARIE-GEORGE,F,13
MARIE-HENRIETTE,F,13
MARTHA,F,13
MYRIANE,F,13
NOUARA,F,13
PATRIZIA,F,13
ROSANA,F,13
ROSE-HÉLÈNE,F,13
SARA,F,13
VILMA,F,13
YANICK,F,13
ADA,F,12
AIDA,F,12
AMALIA,F,12
ANICETTE,F,12
BIANCA,F,12
COLOMBE,F,12
DANIE,F,12
DANIELA,F,12
DORA,F,12
EDMEE,F,12
ENCARNACION,F,12
ERICA,F,12
FLAVIENNE,F,12
GILLETTE,F,12
HACINA,F,12
HASSINA,F,12
LOLITA,F,12
MARGOT,F,12
MARIE-DENISE,F,12
MARIE-FRÉDÉRIQUE,F,12
MARIE-PIERRETTE,F,12
MARINELLA,F,12
MERIEM,F,12
MIRYAM,F,12
PEGGY,F,12
ROLLANDE,F,12
ROSE-AIMÉE,F,12
ROSIANE,F,12
SANDRINA,F,12
SUZEL,F,12
SYBILLE,F,12
THI,F,12
VIVIENNE,F,12
ZINA,F,12
ZINEB,F,12
ALPHONSINE,F,11
AMÉLIA,F,11
ANGELICA,F,11
ANISSA,F,11
ANNE-THÉRÈSE,F,11
ARIEL,F,11
AURÉLIE,F,11
CONCETTINA,F,11
DAMIENNE,F,11
DANNY,F,11
ELOISE,F,11
ELVIRA,F,11
FADELA,F,11
FARAH,F,11
FELICIE,F,11
FILOMENA,F,11
FLORIANNE,F,11
GERARDINE,F,11
GRATIENNE,F,11
JAMILLA,F,11
JANET,F,11
KHADIDJA,F,11
LEOCADIE,F,11
LILIA,F,11
LYSIANNE,F,11
LÉNA,F,11
MARGARITA,F,11
MARIE-LYSE,F,11
MARIE-NOELE,F,11
MARIE-NOËL,F,11
NACERA,F,11
NAHIMA,F,11
ROSALBA,F,11
RÉJANE,F,11
SAMIRA,F,11
SHIRLEY,F,11
SILVIANE,F,11
SILVIE,F,11
SYLVINE,F,11
TAOUS,F,11
VICKY,F,11
YVONNETTE,F,11
ZORAH,F,11
ALBA,F,10
AMPARO,F,10
ANISE,F,10
ANNE-ELISABETH,F,10
ANNIC,F,10
ARMANDINE,F,10
ARMEL,F,10
AURELIA,F,10
AURORA,F,10
AÏCHA,F,10
BIBIANE,F,10
BÉRÉNICE,F,10
CHADIA,F,10
CHRYSTELE,F,10
CLAIRE-MARIE,F,10
DANIELLA,F,10
DJAMILLA,F,10
EXPEDITE,F,10
GAETANA,F,10
GEORGINE,F,10
GUENAELLE,F,10
HILDA,F,10
JENNIFER,F,10
KATIE,F,10
KATTY,F,10
LISBETH,F,10
MAGGUY,F,10
MARGHERITA,F,10
MARIA-PIA,F,10
MARIE-JACQUELINE,F,10
MARIE-THEREZE,F,10
MAURICE,F,10
MOISETTE,F,10
MONIKA,F,10
NADIRA,F,10
NUNZIA,F,10
OURIA,F,10
PRISCILLE,F,10
RAHMA,F,10
RAPHAELA,F,10
ROMY,F,10
ROSY,F,10
SANTINA,F,10
SYLVIANA,F,10
SÉGOLÈNE,F,10
VERONICA,F,10
ALIDA,F,9
ALIMA,F,9
ANIE,F,9
ANNELYSE,F,9
ARIELE,F,9
ASCENSION,F,9
ASUNCION,F,9
CHARLYNE,F,9
DJAMELA,F,9
DORIENNE,F,9
DOROTHÉE,F,9
FELICIENNE,F,9
FOUZIA,F,9
HADDA,F,9
HAKIMA,F,9
INCARNATION,F,9
JACINTHE,F,9
JEANNY,F,9
JOAN,F,9
JOANNE,F,9
KIMBERLY,F,9
LAURIE,F,9
LILIANNE,F,9
LOREDANA,F,9
LOURDES,F,9
LYNE,F,9
MAGALY,F,9
MAGGY,F,9
MARIANNA,F,9
MARIE-ANICK,F,9
MARIE-JOSIANE,F,9
MARIE-JOSIE,F,9
MARIE-NICOLE,F,9
MARIE-PATRICIA,F,9
MARYLIS,F,9
MAURICIA,F,9
NADJIA,F,9
NOELINE,F,9
NOURIA,F,9
ORNELLA,F,9
PRISCILLA,F,9
RINA,F,9
ROSEMARY,F,9
SAADIA,F,9
SABINA,F,9
SANTA,F,9
SOFIA,F,9
SOLINE,F,9
TAMMY,F,9
ÉVELYNE,F,9
ANNE-LOUISE,F,8
ANTONINA,F,8
ANY,F,8
AUDREY,F,8
AURIA,F,8
CARLINE,F,8
CAROLINA,F,8
CAROLYN,F,8
CATALINA,F,8
CINDY,F,8
CONNIE,F,8
DAHBIA,F,8
DANILA,F,8
DOMITILLE,F,8
ELFRIEDE,F,8
EMMY,F,8
FATIRA,F,8
FAZIA,F,8
FLAVIE,F,8
FLORENTINE,F,8
GUILLAINE,F,8
HEIDI,F,8
HELGA,F,8
ILDA,F,8
JESSIE,F,8
JEZABEL,F,8
JUDY,F,8
JULIANE,F,8
KATHRYN,F,8
LENAICK,F,8
LISE-MARIE,F,8
LOLA,F,8
LORETTA,F,8
MAGDELEINE,F,8
MALICA,F,8
MANON,F,8
MARIA-LUISA,F,8
MARIE-ALIX,F,8
MARIE-CHANTALE,F,8
MARIE-CHARLOTTE,F,8
MARIE-ELIANE,F,8
MARIE-JOCELYNE,F,8
MARIE-JOSETTE,F,8
MARIE-MARTHE,F,8
MARIE-NEIGE,F,8
MARIE-PIA,F,8
MARLISE,F,8
MAYLIS,F,8
MINA,F,8
PALOMA,F,8
PASQUALE,F,8
PIERRE,F,8
REMEDIOS,F,8
REMISE,F,8
ROSE-ANNE,F,8
ROSELLA,F,8
ROSIE,F,8
SCHOLASTIQUE,F,8
SERVANNE,F,8
SOIZICK,F,8
TAMARA,F,8
THEODORA,F,8
VALERIA,F,8
ZOÉ,F,8
AISSA,F,7
ALFREDA,F,7
AMARIA,F,7
AMEL,F,7
ANASTASIE,F,7
ANIK,F,7
ANNONCIADE,F,7
AUGUSTA,F,7
AZIZA,F,7
BARBE,F,7
BERNADINE,F,7
BERTHA,F,7
BERTINA,F,7
BLAISE,F,7
CAMÉLIA,F,7
CATIA,F,7
CELIANE,F,7
CELINA,F,7
CHRISLAINE,F,7
CLAIRE-LISE,F,7
CLOTHILDE,F,7
CONCEPCION,F,7
CORA,F,7
CORALIE,F,7
CORYNE,F,7
DAPHNÉ,F,7
DAWN,F,7
DEBBIE,F,7
DELIA,F,7
DOLLY,F,7
DONATA,F,7
DORIA,F,7
ELIA,F,7
ELINA,F,7
ELLEN,F,7
ESTELLA,F,7
FAUVETTE,F,7
FORTUNEE,F,7
FRANCE-LINE,F,7
GAËLLE,F,7
GHILAINE,F,7
GILETTE,F,7
GISELA,F,7
GISELLE,F,7
GIUSEPPA,F,7
GRACIELLA,F,7
GRACIEUSE,F,7
HEDWIGE,F,7
HÉLOÏSE,F,7
INCARNACION,F,7
JANNY,F,7
JEANETTE,F,7
JOHANNA,F,7
JOHANNE,F,7
KARINNE,F,7
KHADIJA,F,7
LORENA,F,7
LOUIZA,F,7
LYSE,F,7
LÉONTINE,F,7
MANUELE,F,7
MARIA-THERESA,F,7
MARIE-BLANDINE,F,7
MARIE-EVELYNE,F,7
MARIE-STÉPHANE,F,7
MARIE-SUZANNE,F,7
MARTINA,F,7
MAUDE,F,7
MYRTHA,F,7
NOELA,F,7
NURIA,F,7
ORIDA,F,7
PAOLINA,F,7
PINA,F,7
RADIJA,F,7
RANIA,F,7
RENELISE,F,7
SALVATRICE,F,7
SEBASTIENNE,F,7
SERAPHINE,F,7
SERGE,F,7
SIBYLLE,F,7
SOLEDAD,F,7
SOLVEIG,F,7
SUZELE,F,7
SYLVA,F,7
TERRY,F,7
TONINA,F,7
TOUSSINE,F,7
URSULE,F,7
VALERY,F,7
VANINA,F,7
VITA,F,7
WENDY,F,7
YSEULT,F,7
YVANE,F,7
ÉLIANE,F,7
AKILA,F,6
ALEXIA,F,6
ANGELITA,F,6
ANGÉLIQUE,F,6
ANNE-CHANTAL,F,6
ANNIE-MARIE,F,6
ANNISE,F,6
ARMIDE,F,6
BELLA,F,6
CANDIDA,F,6
CRISTINA,F,6
CROCIFISSA,F,6
DANA,F,6
DORINA,F,6
ELIANNE,F,6
ELYANE,F,6
ESPERANCE,F,6
ETIENNE,F,6
ETIENNISE,F,6
EUGENIA,F,6
EVE-MARIE,F,6
FABRICIA,F,6
FLAVIA,F,6
FRANCE-MARIE,F,6
FRANCES,F,6
FRANCIANNE,F,6
FREDERICA,F,6
GITANE,F,6
GRACIA,F,6
GRATIANNE,F,6
GUYLÈNE,F,6
HELEN,F,6
HUBERTE,F,6
IRMINE,F,6
JANETTE,F,6
JANIK,F,6
KAREEN,F,6
KIM,F,6
LAURIANNE,F,6
LEÏLA,F,6
LILIANA,F,6
LIVIA,F,6
LORENE,F,6
LUIGIA,F,6
MADLY,F,6
MAGDALENA,F,6
MAMA,F,6
MANOLITA,F,6
MARIAM,F,6
MARIANA,F,6
MARIANICK,F,6
MARIBEL,F,6
MARIE-CAROLE,F,6
MARIE-DOLORES,F,6
MARIE-FRANCINE,F,6
MARIE-GHISLAINE,F,6
MARIE-GISÈLE,F,6
MARIE-LOURDES,F,6
MARIE-LYS,F,6
MARIE-OLGA,F,6
MARILYS,F,6
MARLEINE,F,6
MARY-CLAUDE,F,6
MARYELLE,F,6
MIGUY,F,6
MOUNIRA,F,6
MYRIELLE,F,6
MYRIEM,F,6
MÉLINA,F,6
NABILA,F,6
NADJA,F,6
NOEMIE,F,6
NORAH,F,6
NORMA,F,6
OLYMPE,F,6
PALMYRE,F,6
PASCAL,F,6
PASQUALINA,F,6
PETRA,F,6
PIERINA,F,6
RABHA,F,6
RACHELE,F,6
REINE-MAY,F,6
ROBERTA,F,6
ROSANNE,F,6
ROSEMARIE,F,6
ROZEN,F,6
SORIA,F,6
SYLVANE,F,6
THOMASSINE,F,6
VERA,F,6
YVANA,F,6
ÉDITH,F,6
ADJILA,F,5
ADOLPHINE,F,5
AMAYA,F,5
AMEDEE,F,5
ANGE-MARIE,F,5
ANIFA,F,5
ANNA-MARIE,F,5
ANNE-GENEVIÈVE,F,5
ANNE-PASCALE,F,5
ANNE-VALÉRIE,F,5
ANNUNZIATA,F,5
ANTONINE,F,5
ARIANNE,F,5
ARMELE,F,5
ASSIA,F,5
ATIKA,F,5
AXELLE,F,5
BASILE,F,5
BENEDITE,F,5
BENJAMINE,F,5
BENOITE,F,5
BEVERLY,F,5
BLONDINE,F,5
BRIGIDA,F,5
BÉATRIX,F,5
BÉRANGÈRE,F,5
CARRIE,F,5
CHIMENE,F,5
CHRISTIANA,F,5
CHRISTINE-MARIE,F,5
CLARENCE,F,5
CONSUELO,F,5
CORALINE,F,5
CORNELIA,F,5
COSIMA,F,5
CYRILLE,F,5
DAHLIA,F,5
DANIA,F,5
DAVIA,F,5
DEBORA,F,5
DOMENICA,F,5
DORINNE,F,5
EDDA,F,5
ELMIRE,F,5
ELYETTE,F,5
EVELINA,F,5
EXPEDITA,F,5
FLORETTE,F,5
GEORGES,F,5
GINETTA,F,5
GISELAINE,F,5
GISHLAINE,F,5
GUISEPPA,F,5
HADJILA,F,5
HADJIRA,F,5
HELYETTE,F,5
HERVELINE,F,5
HYACINTHE,F,5
IGNACE,F,5
IMELDA,F,5
JAMILAH,F,5
JAMINA,F,5
JOYCE,F,5
JULIANNE,F,5
KATHIE,F,5
KATRINE,F,5
LAURETTA,F,5
LELA,F,5
LELIA,F,5
LINETTE,F,5
LISE-MAY,F,5
LISIANNE,F,5
LORI,F,5
LUCIANE,F,5
LUDMILA,F,5
LYNN,F,5
LÉANDRE,F,5
MADDLY,F,5
MADELY,F,5
MADY,F,5
MAGDA,F,5
MARIAMA,F,5
MARIE-ALETH,F,5
MARIE-ANNETTE,F,5
MARIE-CLAUDETTE,F,5
MARIE-CLOTILDE,F,5
MARIE-CORINNE,F,5
MARIE-DAISY,F,5
MARIE-GRACE,F,5
MARIE-JACQUES,F,5
MARIE-LUCIE,F,5
MARIE-LÉONE,F,5
MARIE-MONIQUE,F,5
MARIE-PAUL,F,5
MARIE-VALÉRIE,F,5
MARIE-YOLANDE,F,5
MARILENA,F,5
MARISETTE,F,5
MARLYNE,F,5
MATILDE,F,5
MAUREEN,F,5
MERY,F,5
MICHELINA,F,5
MIGUELLE,F,5
MIRANDA,F,5
MYRTILLE,F,5
NACHIDA,F,5
NADETTE,F,5
NADIE,F,5
NAJAT,F,5
NAJIA,F,5
NARIMA,F,5
NAÏMA,F,5
NEJMA,F,5
NELLIE,F,5
NOELE,F,5
NOELIE,F,5
NOELLIE,F,5
NOIRA,F,5
OCTAVIE,F,5
ORIANE,F,5
OUIZA,F,5
OURDA,F,5
PENELOPE,F,5
PHILOMÈNE,F,5
PURIFICATION,F,5
QUITTERIE,F,5
RABIHA,F,5
RAHNIA,F,5
RAMONA,F,5
RAPHAELLA,F,5
RATIBA,F,5
RENATA,F,5
ROSANGE,F,5
ROSE-MERY,F,5
SALOUA,F,5
SALVINA,F,5
SAMYA,F,5
SCHOLASTIE,F,5
SEBASTIANA,F,5
SIMONETTE,F,5
SONYA,F,5
SOUAD,F,5
SYLVINA,F,5
TERRI,F,5
TRINIDAD,F,5
TRINITE,F,5
VANNINA,F,5
VICENTA,F,5
YANE,F,5
YOLANDA,F,5
ZARA,F,5
ZAYA,F,5
ZORHA,F,5
AGUSTINA,F,4
ALDJIA,F,4
ALIA,F,4
AMANDA,F,4
AMARA,F,4
AMBRE,F,4
AMBROISINE,F,4
AMINATA,F,4
ANABELLE,F,4
ANAICK,F,4
ANGELLA,F,4
ANNA-ROSA,F,4
ANNAIG,F,4
ANNAIK,F,4
ANNE-BRIGITTE,F,4
ANNE-CÉCILE,F,4
ANNE-ISABELLE,F,4
ANNE-ROSE,F,4
ANNE-SYLVIE,F,4
ANNEMARIE,F,4
ANNIE-CLAIRE,F,4
ANNIE-FRANCE,F,4
ANNIE-LAURE,F,4
ANNY-CLAUDE,F,4
APPOLINE,F,4
ARBIA,F,4
ARSENE,F,4
AUBERTE,F,4
BADIA,F,4
BENEDICT,F,4
BLEUETTE,F,4
BONNIE,F,4
BRIGITTA,F,4
CARMELINE,F,4
CARMELLA,F,4
CARMELLE,F,4
CAROLA,F,4
CATARINA,F,4
CHARLISE,F,4
CHRYSTINE,F,4
CINZIA,F,4
CLELIE,F,4
CLEMIRE,F,4
CLORINDE,F,4
COLLEEN,F,4
CONSUELA,F,4
CORRINNE,F,4
CORYSE,F,4
CYPRIENNE,F,4
CÉLIA,F,4
DABIA,F,4
DAGMAR,F,4
DANICK,F,4
DANNICK,F,4
DENIA,F,4
DENYSE,F,4
DOLENE,F,4
ELAINE,F,4
ELDA,F,4
ELVINA,F,4
EMANUELA,F,4
EMILY,F,4
ENIDE,F,4
ENZA,F,4
ERICKA,F,4
ESPERANZA,F,4
ESTRELLA,F,4
EVELYSE,F,4
FADILAH,F,4
FALIDA,F,4
FAOUZIA,F,4
FELLA,F,4
FERNANDA,F,4
FRANCE-HÉLÈNE,F,4
FRANCE-LYNE,F,4
FRANCIA,F,4
FRIDA,F,4
FRÉDÉRIC,F,4
GERMANIE,F,4
GHYLAINE,F,4
GILLIANE,F,4
GISLENE,F,4
GLADIS,F,4
GRACIANNE,F,4
GRAZIELA,F,4
GRETA,F,4
GUILÈNE,F,4
GWENAEL,F,4
HAMIDA,F,4
HANIA,F,4
HAVIDA,F,4
HAYET,F,4
HIPPOLYTE,F,4
IMMACULEE,F,4
JACKY,F,4
JANICE,F,4
JANINA,F,4
JANNINE,F,4
JASMINA,F,4
JEANICK,F,4
JEHANNE,F,4
JESSICA,F,4
JOSEFINA,F,4
JOSELITA,F,4
JOSINE,F,4
JOSÉE,F,4
KADIJA,F,4
KADRA,F,4
KATERINE,F,4
KHERA,F,4
KHIRA,F,4
LATEFA,F,4
LAUREN,F,4
LEILAH,F,4
LEONIDE,F,4
LEONNE,F,4
LETIZIA,F,4
LIA,F,4
LIBERTE,F,4
LILLA,F,4
LILLY,F,4
LOUISANE,F,4
LUDMILLA,F,4
LUIZA,F,4
MAEVA,F,4
MALICKA,F,4
MARA,F,4
MARIA-CHRISTINA,F,4
MARIA-JESUS,F,4
MARIA-JOSÉ,F,4
MARIA-STELLA,F,4
MARIA-TERESA,F,4
MARIE-AMÉLIE,F,4
MARIE-ANNA,F,4
MARIE-ESTELLE,F,4
MARIE-EVA,F,4
MARIE-FÉLIX,F,4
MARIE-HUGUETTE,F,4
MARIE-JEAN,F,4
MARIE-JULIENNE,F,4
MARIE-JUSTINE,F,4
MARIE-LORRAINE,F,4
MARIE-LUC,F,4
MARIE-LÉA,F,4
MARIE-NADINE,F,4
MARIE-NELLY,F,4
MARIE-PAULINE,F,4
MARIE-PHILIPPE,F,4
MARIE-SYLVETTE,F,4
MARIEM,F,4
MARYANNE,F,4
MARYLAINE,F,4
MARYVETTE,F,4
MATHILDA,F,4
MAXIMILIENNE,F,4
MAÏTÉ,F,4
MICHAELLE,F,4
MICHELA,F,4
MIREN,F,4
MONTSERRAT,F,4
MORENA,F,4
MURRIEL,F,4
NAFISSA,F,4
NAJET,F,4
NAJETTE,F,4
NARCISSE,F,4
NASERA,F,4
NASSIMA,F,4
NATALINA,F,4
NAZIHA,F,4
NESTOR,F,4
OIRDA,F,4
OLINDA,F,4
OLIVETTE,F,4
OUAHIBA,F,4
PALMA,F,4
PASCALLE,F,4
PASQUA,F,4
PASQUALINE,F,4
PATTI,F,4
PEPITA,F,4
PHILOMENA,F,4
PHYLLIS,F,4
RADIDJA,F,4
RAFFAELA,F,4
REIRA,F,4
RENELDE,F,4
RENELLE,F,4
RHONDA,F,4
RIQUETTE,F,4
ROBIN,F,4
ROSE-LISE,F,4
ROSE-LYNE,F,4
ROSITE,F,4
RUFINE,F,4
SAHRA,F,4
SALIKA,F,4
SALLY,F,4
SALOMÉ,F,4
SAPHIA,F,4
SAÏDA,F,4
SELIMA,F,4
SERGETTE,F,4
SHEILA,F,4
SHERRY,F,4
SOIZIK,F,4
STEFANIA,F,4
SUZAN,F,4
SYLVENE,F,4
SYLVESTRE,F,4
SÉRÉNA,F,4
TANYA,F,4
TIPHAINE,F,4
TOUSSAINTE,F,4
VERENA,F,4
VIANETTE,F,4
VINCENZINA,F,4
VIRGINA,F,4
YANNE,F,4
YOLA,F,4
YSABELLE,F,4
YVELYNE,F,4
ZAHRA,F,4
ZAHYA,F,4
ZELIE,F,4
ZUINA,F,4
ABLA,F,3
ACHIDA,F,3
ADDA,F,3
ADELIA,F,3
ADELINA,F,3
ADRIANNA,F,3
AIDEE,F,3
AINI,F,3
ALDA,F,3
ALEX,F,3
ALLIA,F,3
ALYETTE,F,3
AMAPOLA,F,3
ANABELLA,F,3
ANASTASIA,F,3
ANDREINA,F,3
ANGELIKA,F,3
ANICIA,F,3
ANITE,F,3
ANNABEL,F,3
ANNE-CAROLE,F,3
ANNE-CHARLOTTE,F,3
ANNE-HÉLÈNE,F,3
ANNE-LAURENCE,F,3
ANNE-MARIA,F,3
ANNE-MARY,F,3
ANNE-MICHÈLE,F,3
ANNIE-PAULE,F,3
ANNIE-PIERRE,F,3
ANNUNCIATA,F,3
ANNYVONNE,F,3
AOUICHA,F,3
ASCENCION,F,3
ASSYA,F,3
ATHANASE,F,3
BARISA,F,3
BARKA,F,3
BARNABE,F,3
BARTHA,F,3
BEATRIZ,F,3
BERNARD,F,3
BERNARDINE,F,3
BETINA,F,3
BETTYNA,F,3
BEYA,F,3
BIBI,F,3
BRICE,F,3
CANDIDE,F,3
CARMELE,F,3
CARMINE,F,3
CATHARINA,F,3
CATHELYNE,F,3
CHANTALLE,F,3
CHARLYSE,F,3
CHRISTABELLE,F,3
CHRYSTÈLE,F,3
CLARICE,F,3
CLAUDINA,F,3
CLELIA,F,3
COLLETTE,F,3
CONSOLATION,F,3
CORENTINE,F,3
CORINA,F,3
CORINNA,F,3
CORNELIE,F,3
CRISTEL,F,3
CRISTINE,F,3
CYRIANE,F,3
DABIHA,F,3
DAMARIS,F,3
DANICA,F,3
DANITA,F,3
DARIA,F,3
DARLENE,F,3
DELILA,F,3
DIANNA,F,3
DJIDA,F,3
DOLAINE,F,3
DOMINICA,F,3
DONIA,F,3
DOREEN,F,3
DORISE,F,3
DOROTHEA,F,3
DORYSE,F,3
EGLANTINE,F,3
ELIE,F,3
ELISABELLE,F,3
ELISABETTA,F,3
ELLA,F,3
ELYSABETH,F,3
ELÉONORE,F,3
EMANUELLE,F,3
ENA,F,3
ERMELINDA,F,3
ERMINIA,F,3
EVELISE,F,3
EVELYN,F,3
FADILLA,F,3
FAHIMA,F,3
FANY,F,3
FAROUDJA,F,3
FATHMA,F,3
FATYA,F,3
FELICE,F,3
FELISA,F,3
FERIDA,F,3
FETIHA,F,3
FIRMINE,F,3
FLORENCIA,F,3
FLORIDA,F,3
FLORISE,F,3
FORTUNATA,F,3
FRANCELYNE,F,3
FRANKA,F,3
FRANZETTE,F,3
FRANÇOIS,F,3
FÉLIX,F,3
GABIE,F,3
GABRIEL,F,3
GABRIELE,F,3
GAELE,F,3
GEMILA,F,3
GERARDINA,F,3
GHISLENE,F,3
GIACOMINA,F,3
GILIANE,F,3
GISMONDE,F,3
GIULIA,F,3
GONTRAN,F,3
GRASIELLA,F,3
GUENAELE,F,3
GUENDALINA,F,3
GUILHAINE,F,3
GUYLEINE,F,3
GUYSLAINE,F,3
GUÉNOLA,F,3
GWENAELE,F,3
GYSLENE,F,3
HALINA,F,3
HAUDE,F,3
HAURIA,F,3
HAYATTE,F,3
HORTENSIA,F,3
HOURYA,F,3
HÉLÈNA,F,3
IGNAZIA,F,3
IMMACULADA,F,3
JAIDA,F,3
JAMELA,F,3
JANNIE,F,3
JEAN,F,3
JEANISE,F,3
JEANNE-ANTIDE,F,3
JEANY,F,3
JENNIE,F,3
JEROME,F,3
JESSY,F,3
JOACHIME,F,3
JOANNA,F,3
JOAQUINA,F,3
JORDANE,F,3
JOSELLE,F,3
JULIANNA,F,3
JULIETTA,F,3
KAIRA,F,3
KATALIN,F,3
KEIRA,F,3
KHADRA,F,3
LAURE-ANNE,F,3
LAURENCE-MARIE,F,3
LAURENE,F,3
LAÏLA,F,3
LEONCIA,F,3
LIANA,F,3
LIANE,F,3
LIETTE,F,3
LILETTE,F,3
LILIAN,F,3
LILYANE,F,3
LINE-MARIE,F,3
LORENZA,F,3
LORIANA,F,3
LORÈNE,F,3
LOUISE-MARIE,F,3
LOUISIA,F,3
LUCILLE,F,3
LUIGINA,F,3
LYLA,F,3
LYSA,F,3
LYVIA,F,3
MABROUKA,F,3
MADIANA,F,3
MAGUELONNE,F,3
MAITHE,F,3
MANOELA,F,3
MANOELLE,F,3
MARCIENNE,F,3
MARIA-CRUZ,F,3
MARIA-GRAZIA,F,3
MARIA-ISABEL,F,3
MARIA-LUZ,F,3
MARIE-ADÈLE,F,3
MARIE-ALBERTE,F,3
MARIE-ANDRÉ,F,3
MARIE-ANISE,F,3
MARIE-ASTRIDE,F,3
MARIE-CHRISTELLE,F,3
MARIE-DANY,F,3
MARIE-DIANE,F,3
MARIE-EDOUARD,F,3
MARIE-EMILIE,F,3
MARIE-FABIENNE,F,3
MARIE-FRANTZ,F,3
MARIE-GERMAINE,F,3
MARIE-JANE,F,3
MARIE-JESUS,F,3
MARIE-JULIETTE,F,3
MARIE-KETTY,F,3
MARIE-LILIANE,F,3
MARIE-LISETTE,F,3
MARIE-LOUP,F,3
MARIE-LYDIE,F,3
MARIE-MARGUERITE,F,3
MARIE-MATHILDE,F,3
MARIE-MAY,F,3
MARIE-NATHALIE,F,3
MARIE-ODETTE,F,3
MARIE-PIER,F,3
MARIE-VICTOIRE,F,3
MARIE-VINCENTE,F,3
MARIE-VIRGINIE,F,3
MARIE-YANNICK,F,3
MARIEL,F,3
MARITCHU,F,3
MARLAINE,F,3
MARNIA,F,3
MARY-ANNE,F,3
MARYANICK,F,3
MARYLEINE,F,3
MARYNA,F,3
MARYSA,F,3
MARYSETTE,F,3
MATHURINE,F,3
MAXETTE,F,3
MEBARKA,F,3
MELINDA,F,3
MICAELA,F,3
MICHAELA,F,3
MICHAELE,F,3
MIKAELLA,F,3
MINERVE,F,3
MIRA,F,3
MIRENTCHU,F,3
MIRIAME,F,3
MIRIANNE,F,3
MIRTHA,F,3
MOISE,F,3
MORGANE,F,3
MURIÈLE,F,3
MYLAINE,F,3
MYRETTE,F,3
MYRTA,F,3
NACIRA,F,3
NADEJE,F,3
NADJAT,F,3
NADRA,F,3
NADYA,F,3
NAGET,F,3
NAJETE,F,3
NASIMA,F,3
NATIVIDAD,F,3
NERINA,F,3
NICOLETTA,F,3
NIEVES,F,3
NINETTA,F,3
NINON,F,3
NISE,F,3
NIVES,F,3
NOELLINE,F,3
NOHRA,F,3
NOÉMIE,F,3
NOËLLA,F,3
NUNZIATA,F,3
OLIVA,F,3
OLYMPIA,F,3
ORIETTA,F,3
ORSOLA,F,3
OUNISSA,F,3
PENNY,F,3
PHILIPPE,F,3
PIERA,F,3
PRIVAT,F,3
PROSPERE,F,3
PULCHERIE,F,3
RADIA,F,3
RAFAELE,F,3
RAHIMA,F,3
RENETTA,F,3
ROMANA,F,3
ROSA-MARIA,F,3
ROSE-ANNA,F,3
ROSE-FRANCE,F,3
ROSELENE,F,3
ROSSANA,F,3
ROXANNE,F,3
ROZANNE,F,3
RÉGINA,F,3
SAADA,F,3
SAHONDRA,F,3
SARINA,F,3
SERAFINA,F,3
SERENELLA,F,3
SHELLEY,F,3
SIDONIE,F,3
SIMONETTA,F,3
SOAD,F,3
SOAZIG,F,3
SOISIC,F,3
SOLENN,F,3
STEPHANIA,F,3
SULTANA,F,3
SUZANNA,F,3
SYLVANIE,F,3
SYLVANNA,F,3
SYLVIE-ANNE,F,3
SYLVIE-MARIE,F,3
TESSA,F,3
THEODOSE,F,3
THERESIA,F,3
THUY,F,3
TIZIANA,F,3
TOURIA,F,3
TRACY,F,3
TRINA,F,3
TYPHAINE,F,3
VANIA,F,3
VINCENT,F,3
VITTORIA,F,3
WARDIA,F,3
WILMA,F,3
XAVIERE,F,3
YAKOUT,F,3
YAMILA,F,3
YOLETTE,F,3
YVA,F,3
YVANNE,F,3
YVES,F,3
YVES-LISE,F,3
ZAKINA,F,3
ZAKIYA,F,3
ZARAH,F,3
ZINEBE,F,3
ZUBIDA,F,3
ÉLISE,F,3
