Jean,M,51441
Michel,M,32582
Alain,M,22781
Daniel,M,21347
Bernard,M,19828
Gérard,M,19705
Christian,M,15267
Jacques,M,14925
Claude,M,12806
Pierre,M,12164
André,M,12025
Jean-Pierre,M,10510
Jean-Claude,M,10246
Guy,M,9393
René,M,7755
Robert,M,7408
Yves,M,6420
Roger,M,6292
Serge,M,5919
Georges,M,5588
Gilbert,M,5280
François,M,5239
Marcel,M,5047
Patrick,M,4862
Francis,M,4801
Henri,M,4654
Maurice,M,4462
Joël,M,4067
Raymond,M,3959
Jean-Paul,M,3837
Roland,M,3726
Marc,M,3649
Joseph,M,3515
Paul,M,3373
Jean-Marie,M,3259
Louis,M,3229
Jacky,M,3214
Dominique,M,2991
Philippe,M,2920
Jean-Louis,M,2903
Gilles,M,2654
Denis,M,2326
Lucien,M,2185
Richard,M,1941
Didier,M,1811
Albert,M,1746
Charles,M,1661
Jean-Jacques,M,1641
Jean-François,M,1558
Patrice,M,1487
Hervé,M,1357
Yvon,M,1269
Hubert,M,1257
Jean-Michel,M,1141
Jackie,M,1133
Noël,M,1119
Gabriel,M,1108
Antoine,M,1035
Fernand,M,978
Rémy,M,940
Emile,M,928
Jean-Luc,M,891
Lionel,M,824
Jean-Marc,M,775
Jean-Yves,M,767
Regis,M,748
Bruno,M,747
José,M,721
Etienne,M,708
Max,M,701
Armand,M,612
Luc,M,600
Edmond,M,580
Norbert,M,566
Eugène,M,524
Thierry,M,519
Edouard,M,507
Pascal,M,506
Léon,M,503
Bertrand,M,496
Jack,M,487
William,M,480
Gaston,M,477
Alfred,M,470
Yannick,M,451
Rémi,M,445
Aime,M,439
Eric,M,435
Olivier,M,435
Camille,M,420
Martial,M,419
Laurent,M,411
Xavier,M,367
James,M,362
Julien,M,359
Yvan,M,347
Vincent,M,346
Sylvain,M,332
Gérald,M,317
Alexandre,M,303
Emmanuel,M,302
Félix,M,298
Victor,M,295
Hugues,M,293
Auguste,M,286
Frédéric,M,284
Loïc,M,284
Jules,M,262
Ernest,M,257
Elie,M,255
Germain,M,253
Marie,M,248
Jean-Noël,M,238
Rolland,M,234
Simon,M,233
Dany,M,217
Jean-Bernard,M,212
Marius,M,202
Benoît,M,200
Nicolas,M,200
Alex,M,199
Raoul,M,197
Clément,M,192
Adrien,M,184
Maxime,M,180
Alphonse,M,178
Jean-Charles,M,170
Jacki,M,168
Henry,M,164
Franck,M,162
Alexis,M,158
Allain,M,157
Ange,M,157
Jean-Baptiste,M,155
Raphaël,M,145
Stanislas,M,140
Jerome,M,134
Manuel,M,132
Stéphane,M,127
Arsene,M,125
Ghislain,M,125
Armel,M,121
Augustin,M,121
Abel,M,120
Christophe,M,118
Freddy,M,116
Désiré,M,109
Martin,M,103
Arnaud,M,100
Gustave,M,100
Jacquy,M,100
Mario,M,98
Willy,M,98
Gaëtan,M,97
Romain,M,96
Jeannot,M,92
Jany,M,91
Renaud,M,89
Jean-René,M,87
Gervais,M,86
Jean-Loup,M,85
Ali,M,84
Moise,M,82
Jean-Philippe,M,81
Constant,M,80
Justin,M,80
Arthur,M,78
Jocelyn,M,76
Gildas,M,74
Guillaume,M,74
Casimir,M,71
Marceau,M,70
Edgard,M,68
Frantz,M,66
Grégoire,M,65
Emilien,M,64
Thomas,M,64
Theodore,M,63
Maximin,M,61
Fred,M,60
Yann,M,59
Antonin,M,57
Fabien,M,57
Cyrille,M,55
Mathieu,M,55
Damien,M,54
David,M,54
Kleber,M,54
Floreal,M,53
Leopold,M,53
Toussaint,M,53
Honore,M,51
Alix,M,50
Anonyme,M,50
Ferdinand,M,50
Florent,M,50
Alban,M,49
Antonio,M,49
Sylvestre,M,48
Erick,M,47
Léo,M,47
Pierrot,M,47
Janick,M,46
Jean-Maurice,M,46
Leonard,M,46
Reynald,M,46
Firmin,M,45
Rodolphe,M,45
Eloi,M,44
Jacquie,M,44
Jean-Daniel,M,44
Jean-Robert,M,44
Theophile,M,44
Benjamin,M,43
Samuel,M,43
Valentin,M,43
Angel,M,42
Gil,M,41
Jean-Guy,M,41
Achille,M,40
Jimmy,M,40
Fredy,M,39
Lionnel,M,39
Octave,M,39
Adolphe,M,38
Amand,M,38
Ambroise,M,38
Clovis,M,38
Ignace,M,38
Ivan,M,38
Georget,M,37
Jaky,M,37
Joachim,M,37
Walter,M,37
Harry,M,36
Jacqui,M,36
Jean-Marcel,M,36
Ronald,M,36
Stephan,M,36
Valere,M,36
Charly,M,35
Jean-André,M,35
Jean-Joseph,M,35
John,M,35
Felicien,M,34
Mohamed,M,34
Barthelemy,M,33
Irenee,M,33
Rosaire,M,33
Régis,M,33
Sébastien,M,33
Claudy,M,32
Narcisse,M,32
Prosper,M,32
Yanick,M,32
Amar,M,31
France,M,31
Hyacinthe,M,31
Isidore,M,31
Jean-Dominique,M,31
Lilian,M,31
Sauveur,M,31
Yvonnick,M,31
Axel,M,30
Boris,M,30
Celestin,M,30
Charlie,M,30
Denys,M,30
Jim,M,30
Aristide,M,29
Baptiste,M,29
Gaby,M,29
Jean-Christian,M,29
Leonce,M,29
Tony,M,29
Anicet,M,28
Gino,M,28
Edgar,M,27
Edward,M,27
Lucay,M,27
Omer,M,27
Raynald,M,27
Angelo,M,26
Cyprien,M,26
Hilaire,M,26
Jean-Denis,M,26
Jean-Pol,M,26
Paulin,M,26
Aloyse,M,25
Claudius,M,25
Eddy,M,25
Hippolyte,M,25
Jannick,M,25
Pierrick,M,25
Ramon,M,25
Jean-Gabriel,M,24
Jean-Max,M,24
Said,M,24
Basile,M,23
Blaise,M,23
Francisco,M,23
Frank,M,23
Léandre,M,23
Michael,M,23
Roch,M,23
Williams,M,23
Franc,M,22
Germinal,M,22
Hector,M,22
Irène,M,22
Jean-Mary,M,22
Jean-Patrick,M,22
Joannes,M,22
Juan,M,22
Oscar,M,22
Philibert,M,22
Rigobert,M,22
Anselme,M,21
Elian,M,21
Marian,M,21
Mathurin,M,21
Pierre-Marie,M,21
Pol,M,21
Amedee,M,20
Jean-Georges,M,20
Miguel,M,20
Nazaire,M,20
Rachid,M,20
Ahmed,M,19
Albin,M,19
Alcide,M,19
Anatole,M,19
Cesar,M,19
Franklin,M,19
Karl,M,19
Pierre-Yves,M,19
Alin,M,18
Eusebe,M,18
Evariste,M,18
Florian,M,18
Gael,M,18
Gratien,M,18
Marin,M,18
Maximilien,M,18
Ariel,M,17
Clotaire,M,17
Donald,M,17
Donatien,M,17
Herbert,M,17
Jacob,M,17
Jean-Christophe,M,17
Jean-Henri,M,17
Johnny,M,17
Flavien,M,16
Gonzague,M,16
Jean-Alain,M,16
Jean-Roger,M,16
Lyonel,M,16
Marcellin,M,16
Nestor,M,16
Sully,M,16
Teddy,M,16
Aimé,M,15
Antony,M,15
Brice,M,15
Chretien,M,15
Clair,M,15
Corentin,M,15
Elio,M,15
Erik,M,15
Fulbert,M,15
Helios,M,15
Jean-Francis,M,15
Jean-Gérard,M,15
Joe,M,15
Maryan,M,15
Mathias,M,15
Saint,M,15
Theresien,M,15
Théo,M,15
Vital,M,15
Yoland,M,15
Abdon,M,14
Arnold,M,14
Aubin,M,14
Bertin,M,14
Don,M,14
Girard,M,14
Jeannick,M,14
Louis-Marie,M,14
Mary,M,14
Nicaise,M,14
Patric,M,14
Renald,M,14
Sylvian,M,14
Ulysse,M,14
Urbain,M,14
Boniface,M,13
Czeslaw,M,13
Erwin,M,13
Fortune,M,13
Francisque,M,13
François-Xavier,M,13
Guido,M,13
Jean-Joël,M,13
Jeanny,M,13
Joanny,M,13
Josselin,M,13
Ludovic,M,13
Marcelin,M,13
Mariano,M,13
Medard,M,13
Modeste,M,13
Reginald,M,13
Silvere,M,13
Tadeusz,M,13
Theodule,M,13
Vivian,M,13
Arcade,M,12
Calixte,M,12
Delphin,M,12
Expedit,M,12
Goulven,M,12
Jean-Jack,M,12
Jean-Pascal,M,12
Jean-Raymond,M,12
Johann,M,12
Josian,M,12
Jérôme,M,12
Luce,M,12
Romuald,M,12
Saturnin,M,12
Tiburce,M,12
Yannic,M,12
Zdzislaw,M,12
Adam,M,11
Barnabe,M,11
Chantal,M,11
Cherif,M,11
Danny,M,11
Eustache,M,11
Fabrice,M,11
Gaspard,M,11
Gille,M,11
Guilain,M,11
Ismael,M,11
Jaki,M,11
Janny,M,11
Jean-Hugues,M,11
Jean-Lucien,M,11
Judes,M,11
Lambert,M,11
Lazare,M,11
Leonel,M,11
Lin,M,11
Mesmin,M,11
Ollivier,M,11
Parfait,M,11
Peter,M,11
Philip,M,11
Ruben,M,11
Seraphin,M,11
Stephen,M,11
Tristan,M,11
Wladimir,M,11
Aldo,M,10
Appolinaire,M,10
Aurélien,M,10
Carlo,M,10
Carlos,M,10
Dimitri,M,10
Faustin,M,10
Gentil,M,10
Gery,M,10
Gislain,M,10
Gontran,M,10
Herman,M,10
Jacquelin,M,10
Jehan,M,10
Liberto,M,10
Lyonnel,M,10
Mikael,M,10
Myriam,M,10
Noe,M,10
Patrik,M,10
Rachel,M,10
Ralph,M,10
Roman,M,10
Ronan,M,10
Virgile,M,10
Wladislas,M,10
Yves-Marie,M,10
Abraham,M,9
Angèle,M,9
Ariste,M,9
Bernardin,M,9
Charley,M,9
Elisee,M,9
Franco,M,9
Guislain,M,9
Jean-Emile,M,9
Juste,M,9
Marco,M,9
Marie-Joseph,M,9
Maxence,M,9
Mieczyslaw,M,9
Rico,M,9
Ruffin,M,9
Salvador,M,9
Serges,M,9
Sosthene,M,9
Sylvere,M,9
Tanguy,M,9
Vivien,M,9
Wilfrid,M,9
Amede,M,8
Aubert,M,8
Boleslaw,M,8
Carol,M,8
Claudie,M,8
Cyr,M,8
Diego,M,8
Dieudonne,M,8
Epiphane,M,8
Fleury,M,8
Françis,M,8
Geoffroy,M,8
Hermann,M,8
Innocent,M,8
Jean-Albert,M,8
Jean-Antoine,M,8
Johan,M,8
Johel,M,8
Johny,M,8
Josy,M,8
Klebert,M,8
Manoel,M,8
Maurille,M,8
Pedro,M,8
Pierre-Jean,M,8
Quentin,M,8
Samson,M,8
Severin,M,8
Sylvio,M,8
Vladimir,M,8
Wladyslas,M,8
Amaury,M,7
Amed,M,7
Ary,M,7
Athanase,M,7
Baudoin,M,7
Baudouin,M,7
Brahim,M,7
Clet,M,7
Constantin,M,7
Edwin,M,7
Fidele,M,7
Godefroy,M,7
Gualbert,M,7
Henryk,M,7
Jacquis,M,7
Jan,M,7
Janvier,M,7
Jean-Lou,M,7
Jean-Léon,M,7
Jean-Marius,M,7
Jeanot,M,7
Jonas,M,7
Loick,M,7
Muriel,M,7
Petronille,M,7
Pierre-François,M,7
Rosan,M,7
Rudy,M,7
Rufin,M,7
Sabin,M,7
Sainte-Croix,M,7
Servais,M,7
Silvain,M,7
Simeon,M,7
Timoleon,M,7
Tino,M,7
Wenceslas,M,7
Yanic,M,7
Zenon,M,7
Abdel,M,6
Agnès,M,6
Aissa,M,6
Alan,M,6
André-Pierre,M,6
Ange-Marie,M,6
Anick,M,6
Anthony,M,6
Arnauld,M,6
Barbe,M,6
Bogdan,M,6
Celeste,M,6
Cesaire,M,6
Conrad,M,6
Crepin,M,6
Cyril,M,6
Desir,M,6
Dino,M,6
Edme,M,6
Edvard,M,6
Edwige,M,6
Elysee,M,6
Ephrem,M,6
Farouk,M,6
Gatien,M,6
Gauthier,M,6
Geneviève,M,6
George,M,6
Georges-Marie,M,6
Godfroy,M,6
Guenael,M,6
Guylain,M,6
Harold,M,6
Hughes,M,6
Isaac,M,6
Jacques-Yves,M,6
Jakie,M,6
Jamy,M,6
Jasmin,M,6
Jean-Fernand,M,6
Jean-Félix,M,6
Jocelin,M,6
Jude,M,6
Julio,M,6
Leocadie,M,6
Leonus,M,6
Lie,M,6
Lylian,M,6
Mark,M,6
Materne,M,6
Monique,M,6
Placide,M,6
Raynal,M,6
Ricardo,M,6
Rock,M,6
Romule,M,6
Sabas,M,6
Saint-Jean,M,6
Scholastique,M,6
Stanley,M,6
Symphorien,M,6
Ursule,M,6
Wladislaw,M,6
Yan,M,6
Zbigniew,M,6
Zygmunt,M,6
Abd-El,M,5
Alberic,M,5
Alcime,M,5
Alexin,M,5
Alois,M,5
Aloise,M,5
Anaclet,M,5
Archange,M,5
Arsène,M,5
Berthe,M,5
Bonaventure,M,5
Brieuc,M,5
Charlot,M,5
Chrystian,M,5
Claire,M,5
Claudi,M,5
Dan,M,5
Doctrove,M,5
Donat,M,5
Eddie,M,5
Euloge,M,5
Evenor,M,5
Evrard,M,5
Farid,M,5
Fiacre,M,5
Florentin,M,5
Franz,M,5
Gary,M,5
Geo,M,5
Gerome,M,5
Giles,M,5
Guilhem,M,5
Hamed,M,5
Henri-Claude,M,5
Honoré,M,5
Humbert,M,5
Hélène,M,5
Ildevert,M,5
Jean-Benoît,M,5
Jean-Clément,M,5
Jean-Didier,M,5
Jean-Francois,M,5
Jean-Gilbert,M,5
Jean-Gilles,M,5
Jean-Loïc,M,5
Jean-Roland,M,5
Jean-Serge,M,5
Jeanick,M,5
Jeanne,M,5
Jeremie,M,5
Joaquin,M,5
Jonny,M,5
Joris,M,5
Josue,M,5
Juanito,M,5
Kamel,M,5
Lakdar,M,5
Leslie,M,5
Lucas,M,5
Lucet,M,5
Luis,M,5
Magloire,M,5
Marie-Ange,M,5
Maryvon,M,5
Mederic,M,5
Mohammed,M,5
Mohand,M,5
Mouloud,M,5
Mustapha,M,5
Nicol,M,5
Nicole,M,5
Nordine,M,5
Omar,M,5
Pierre-Claude,M,5
Primo,M,5
René-Claude,M,5
Richel,M,5
Robin,M,5
Saint-Cyr,M,5
Solange,M,5
Stefan,M,5
Tadek,M,5
Thaddee,M,5
Véronique,M,5
Waldemar,M,5
Wladyslaw,M,5
Yanik,M,5
Yannik,M,5
Yonnel,M,5
Yvonick,M,5
Zacharie,M,5
Zephirin,M,5
Zoé,M,5
Abdallah,M,4
Agathe,M,4
Agnan,M,4
Aimable,M,4
Akli,M,4
Alfredo,M,4
Anne,M,4
Annick,M,4
Bachir,M,4
Bastien,M,4
Benoist,M,4
Bernadin,M,4
Bernhard,M,4
Berthy,M,4
Berty,M,4
Bienaime,M,4
Bohdan,M,4
Bronislaw,M,4
Bruneau,M,4
Calogero,M,4
Carl,M,4
Cecilien,M,4
Charlemagne,M,4
Christian-Jacques,M,4
Come,M,4
Cristian,M,4
Cyriaque,M,4
Danis,M,4
Dorothee,M,4
Elios,M,4
Elisabeth,M,4
Elise,M,4
Eudes,M,4
Eulalie,M,4
Floris,M,4
Francy,M,4
Freddie,M,4
Geraud,M,4
Gill,M,4
Guenhael,M,4
Gui,M,4
Hamon,M,4
Helier,M,4
Heric,M,4
Hocine,M,4
Inel,M,4
Jackye,M,4
Jacque,M,4
Jaime,M,4
Janik,M,4
Jean-Auguste,M,4
Jean-Etienne,M,4
Jean-Hervé,M,4
Jean-José,M,4
Jean-Patrice,M,4
Jean-Richard,M,4
Jesus,M,4
José-Marie,M,4
Julian,M,4
Julot,M,4
Kristian,M,4
Ladislas,M,4
Landry,M,4
Larbi,M,4
Leger,M,4
Libert,M,4
Marcien,M,4
Marie-Pierre,M,4
Meziane,M,4
Michel-Claude,M,4
Miloud,M,4
Nello,M,4
Nonce,M,4
Odet,M,4
Odilon,M,4
Olive,M,4
Othon,M,4
Philbert,M,4
Pierre-André,M,4
Pierre-Gilles,M,4
Pierre-Louis,M,4
Prudent,M,4
Quirin,M,4
Reynal,M,4
Rino,M,4
Roby,M,4
Rudolphe,M,4
Russel,M,4
Saint-Ange,M,4
Saint-Martin,M,4
Sainte,M,4
Sarkis,M,4
Scholastien,M,4
Sliman,M,4
Slimane,M,4
Socrate,M,4
Sol,M,4
Stanis,M,4
Stéphan,M,4
Thadee,M,4
Thiery,M,4
Thimothee,M,4
Valery,M,4
Vicente,M,4
Victorien,M,4
Victorin,M,4
Wiliam,M,4
Willem,M,4
Yvonnic,M,4
Abd,M,3
Abdelkader,M,3
Abdoul,M,3
Achour,M,3
Adelaide,M,3
Adelin,M,3
Alexander,M,3
Amour,M,3
Anastase,M,3
André-Jean,M,3
Antonie,M,3
Arezki,M,3
Armando,M,3
Arnault,M,3
Arry,M,3
Aurélie,M,3
Avit,M,3
Aymeric,M,3
Ben,M,3
Benito,M,3
Berard,M,3
Berte,M,3
Bill,M,3
Brigitte,M,3
Calvin,M,3
Carmelo,M,3
Celin,M,3
Charlin,M,3
Christin,M,3
Christopher,M,3
Clarence,M,3
Claude-François,M,3
Clebert,M,3
Clery,M,3
Colbert,M,3
Colin,M,3
Crescent,M,3
Cécile,M,3
Danilo,M,3
Driss,M,3
El,M,3
Eleonore,M,3
Emery,M,3
Emilio,M,3
Emma,M,3
Ennemond,M,3
Enrico,M,3
Ewald,M,3
Expedie,M,3
Ferie,M,3
Flavius,M,3
Florimond,M,3
Franki,M,3
François-Marie,M,3
Gedeon,M,3
Georgy,M,3
Geralde,M,3
Gerard,M,3
Gerville,M,3
Giovanni,M,3
Gontrand,M,3
Guibert,M,3
Guy-Jean,M,3
Guy-Pierre,M,3
Gwenael,M,3
Hamid,M,3
Hans,M,3
Hegesippe,M,3
Henri-Paul,M,3
Herick,M,3
Hilarion,M,3
Homere,M,3
Honorat,M,3
Hugo,M,3
Ian,M,3
Ibrahim,M,3
Idir,M,3
Ignacio,M,3
Igor,M,3
Iris,M,3
Isambert,M,3
Israel,M,3
Jacques-Marie,M,3
Jean-Aime,M,3
Jean-Bertrand,M,3
Jean-Bruno,M,3
Jean-Clair,M,3
Jean-Eugène,M,3
Jean-Frédéric,M,3
Jean-Hubert,M,3
Jean-Maxime,M,3
Jean-Regis,M,3
Jean-Renaud,M,3
Jean-Sébastien,M,3
Jean-Thierry,M,3
Jeany,M,3
Joaquim,M,3
Johanny,M,3
Johany,M,3
Joseph-Marie,M,3
Josse,M,3
José-Maria,M,3
Justo,M,3
Kader,M,3
Kenneth,M,3
Krikor,M,3
Lahcene,M,3
Leszek,M,3
Lievin,M,3
Loik,M,3
Lothaire,M,3
Lucius,M,3
Léopold,M,3
Macaire,M,3
Malik,M,3
Mamode,M,3
Manfred,M,3
Marguerite,M,3
Marie-Bernard,M,3
Marie-François,M,3
Marion,M,3
Mathilde,M,3
Merry,M,3
Michel-François,M,3
Mickael,M,3
Moktar,M,3
Morand,M,3
Moustafa,M,3
Nadir,M,3
Napoleon,M,3
Oculi,M,3
Odon,M,3
Onesime,M,3
Ovide,M,3
Patricq,M,3
Paul-Louis,M,3
Pepito,M,3
Pie,M,3
Pierre-Richard,M,3
Pulcherie,M,3
Rachide,M,3
Ramuntcho,M,3
Renaldo,M,3
Reymond,M,3
Reynold,M,3
Rinaldo,M,3
Rodrigue,M,3
Rogatien,M,3
Rosalie,M,3
Sala,M,3
Salah,M,3
Sam,M,3
Santiago,M,3
Sidoine,M,3
Steve,M,3
Sylver,M,3
Symphor,M,3
Séverin,M,3
Tahar,M,3
Telesphore,M,3
Theophane,M,3
Thérèse,M,3
Timothe,M,3
Timothée,M,3
Tom,M,3
Tugdual,M,3
Victoire,M,3
Victorius,M,3
Virginien,M,3
Voltaire,M,3
Werner,M,3
Wilson,M,3
Yonel,M,3
Yves-Henri,M,3
Yvrin,M,3
Éric,M,3
Marie,F,32952
Monique,F,16702
Nicole,F,15839
Françoise,F,14752
Danielle,F,12318
Christiane,F,11866
Jacqueline,F,11814
Annie,F,11482
Michèle,F,10411
Chantal,F,9049
Josiane,F,6706
Josette,F,6482
Annick,F,6467
Claudine,F,6339
Colette,F,6053
Martine,F,5824
Michelle,F,5707
Anne,F,5577
Daniele,F,5422
Liliane,F,5171
Geneviève,F,5046
Mireille,F,4978
Jeannine,F,4685
Bernadette,F,4601
Jocelyne,F,4138
Yvette,F,4094
Denise,F,4072
Eliane,F,3932
Evelyne,F,3660
Gisèle,F,3573
Anne-Marie,F,3541
Marie-Thérèse,F,3527
Thérèse,F,3421
Arlette,F,3300
Marie-Claude,F,3115
Maryse,F,3085
Ginette,F,3084
Micheline,F,3052
Catherine,F,3004
Simone,F,2968
Andrée,F,2924
Hélène,F,2884
Elisabeth,F,2800
Brigitte,F,2757
Francine,F,2742
Madeleine,F,2657
Joëlle,F,2588
Paulette,F,2568
Marie-France,F,2559
Jeanne,F,2448
Odile,F,2439
Renée,F,2429
Dominique,F,2420
Huguette,F,2303
Maryvonne,F,2297
Suzanne,F,2287
Janine,F,2191
Nadine,F,2082
Pierrette,F,2035
Claudette,F,1953
Claude,F,1899
Raymonde,F,1886
Solange,F,1869
Marcelle,F,1692
Lucette,F,1691
Viviane,F,1668
Sylviane,F,1619
Odette,F,1609
Régine,F,1537
Mauricette,F,1533
Ghislaine,F,1510
Marguerite,F,1494
Yolande,F,1461
Jeanine,F,1424
Edith,F,1392
Christine,F,1372
Nelly,F,1334
Yvonne,F,1316
Lucienne,F,1310
Marie-Claire,F,1291
Annette,F,1192
Irène,F,1175
Georgette,F,1145
Marie-José,F,1114
Marie-Françoise,F,1081
Sylvie,F,1001
Agnès,F,973
Noëlle,F,922
Aline,F,913
Béatrice,F,895
Rose,F,819
Claire,F,803
Roselyne,F,773
Rolande,F,741
Henriette,F,735
Cécile,F,734
Gilberte,F,709
Marie-Paule,F,706
Marie-Jeanne,F,699
Eveline,F,663
Marie-Louise,F,659
Germaine,F,657
Patricia,F,657
Marie-Christine,F,655
Sylvette,F,640
Marie-Hélène,F,634
Gabrielle,F,630
Lydie,F,623
Louisette,F,616
Louise,F,609
Anny,F,569
Claudie,F,567
Roseline,F,551
Alice,F,536
Anita,F,536
Antoinette,F,527
Isabelle,F,508
Jeannette,F,498
Paule,F,491
France,F,478
Marie-Madeleine,F,474
Marthe,F,468
Marie-Josephe,F,467
Marinette,F,459
Nadia,F,449
Reine,F,447
Nicolle,F,442
Myriam,F,429
Carmen,F,426
Fernande,F,407
Juliette,F,383
Marlène,F,360
Angèle,F,355
Francette,F,354
Marianne,F,350
Lucie,F,343
Christianne,F,340
Danièle,F,340
Laurence,F,340
Marie-Rose,F,338
Elise,F,333
Véronique,F,332
Armelle,F,331
Marie-Noëlle,F,323
Yveline,F,320
Florence,F,319
Rose-Marie,F,291
Edwige,F,289
Maria,F,284
Violette,F,275
Rejane,F,268
Marie-Ange,F,265
Simonne,F,260
Lydia,F,254
Sonia,F,251
Josseline,F,248
Marylene,F,247
Anna,F,246
Marie-Odile,F,237
Joselyne,F,235
Marie-Annick,F,233
Josephine,F,230
Roberte,F,228
Maud,F,225
Marie-Josee,F,222
Josyane,F,219
Pascale,F,219
Léone,F,214
Chantale,F,213
Emilienne,F,211
Lysiane,F,202
Muriel,F,199
Suzette,F,199
Josianne,F,198
Sabine,F,197
Aimée,F,191
Charline,F,186
Dany,F,183
Marie-Antoinette,F,183
Eliette,F,179
Joseline,F,175
Lyliane,F,174
Charlotte,F,171
Blandine,F,170
Gislaine,F,169
Rosine,F,167
Berthe,F,166
Marie-Pierre,F,166
Marie-Anne,F,162
Muguette,F,157
Fabienne,F,155
Rosette,F,152
Mariette,F,151
Sylvaine,F,150
Camille,F,147
Laurette,F,147
Laure,F,143
Lise,F,142
Adrienne,F,141
Alberte,F,141
Lucile,F,139
Anick,F,129
Lisette,F,123
Noella,F,120
Josselyne,F,119
Clotilde,F,118
Nadege,F,118
Sylvia,F,117
Armande,F,114
Mathilde,F,114
Jany,F,113
Marie-Andrée,F,113
Olga,F,113
Annik,F,109
Astride,F,109
Betty,F,108
Blanche,F,107
Céline,F,107
Julienne,F,107
Nathalie,F,107
Marie-Laure,F,105
Marie-Agnès,F,104
Sophie,F,104
Rachel,F,103
Etiennette,F,102
Eugénie,F,100
Aliette,F,97
Edmonde,F,97
Geraldine,F,97
Astrid,F,96
Elyane,F,95
Léa,F,95
Josee,F,94
Line,F,94
Corinne,F,93
Suzy,F,92
Dolores,F,91
Lina,F,89
Frédérique,F,88
Jeanne-Marie,F,88
Marie-Chantal,F,86
Marie-Reine,F,86
Yannick,F,85
Charlette,F,84
Sylvianne,F,84
Mariannick,F,83
Marie-Martine,F,83
Rita,F,81
Marielle,F,80
Noele,F,80
Doris,F,79
Marie-Dominique,F,79
Murielle,F,78
Giselle,F,76
Marlyse,F,76
Mary,F,74
Marceline,F,73
Jeannie,F,72
Yamina,F,72
Benedicte,F,71
Janick,F,71
Joceline,F,71
Magali,F,71
Ariane,F,70
Julie,F,70
Katia,F,69
Lilianne,F,69
Pauline,F,69
Vivianne,F,69
Joele,F,66
José,F,66
Clémence,F,65
Ghyslaine,F,64
Jane,F,64
Carole,F,63
Caroline,F,63
Luce,F,63
Ida,F,62
Marie-Bernadette,F,61
Rosemonde,F,61
Albertine,F,60
Emilie,F,60
Marise,F,60
Mercedes,F,60
Marie-Cécile,F,59
Marie-Elisabeth,F,59
Marie-Joëlle,F,58
Marcelline,F,57
Augustine,F,56
Lisiane,F,56
Maguy,F,56
Margaret,F,55
Andréa,F,54
Elianne,F,54
Rosita,F,54
Gaetane,F,53
Jenny,F,53
Marie-Joseph,F,53
Yolaine,F,53
Jeannick,F,52
Beatrix,F,51
Maryannick,F,51
Rollande,F,51
Cosette,F,50
Annita,F,49
Marie-Renée,F,49
Marie-Yvonne,F,49
Victoire,F,49
Anie,F,48
Emma,F,48
Fatima,F,48
Rosa,F,48
Adèle,F,47
Annic,F,47
Katherine,F,47
Marie-Luce,F,47
Alexandrine,F,46
Daisy,F,46
Dorothee,F,46
Léonie,F,45
Angeline,F,44
Gaby,F,44
Josephe,F,44
Marie-Catherine,F,44
Marie-Lise,F,44
Rosalie,F,44
Adeline,F,43
Flora,F,43
Gertrude,F,43
Jannick,F,43
Eva,F,42
Fanny,F,42
Gillette,F,42
Gislhaine,F,42
Justine,F,42
Marylise,F,42
Elizabeth,F,41
Esther,F,41
Guillemette,F,41
Linette,F,41
Any,F,40
Irma,F,40
Marie-Josette,F,40
Marina,F,38
Virginie,F,38
Alfreda,F,37
Amélie,F,37
Annie-France,F,37
Clarisse,F,37
Inès,F,37
Emmanuelle,F,36
Estelle,F,36
Franceline,F,36
Gracieuse,F,36
Janie,F,36
Pascaline,F,36
Aicha,F,35
Aurore,F,35
Claudy,F,35
Edmee,F,35
Julia,F,35
Magdeleine,F,35
Marie-Henriette,F,35
Alix,F,34
Claudia,F,34
Gilda,F,34
Jackie,F,34
Nina,F,33
Philomene,F,33
Guislaine,F,32
Ketty,F,32
Laura,F,32
Louisa,F,32
Marie-Thereze,F,32
Mélanie,F,32
Reine-Marie,F,32
Silviane,F,32
Sonja,F,32
Elvire,F,31
Eve,F,31
Gladys,F,31
Guylaine,F,31
Maite,F,31
Marie-Laurence,F,31
Myriame,F,31
Rachelle,F,31
Wanda,F,31
Augusta,F,30
Eleonore,F,30
Janny,F,30
Marie-Christiane,F,30
Marilene,F,30
Stéphanie,F,30
Suzie,F,30
Valentine,F,30
Clémentine,F,29
Danie,F,29
Felicie,F,29
Gyslaine,F,29
Marie-Josèphe,F,29
Desiree,F,28
Ernestine,F,28
Marie-Noele,F,28
Danny,F,27
Valérie,F,27
Annie-Claude,F,26
Anonyme,F,26
Delphine,F,26
Jean,F,26
Josy,F,26
Marguerite-Marie,F,26
Sergine,F,26
Aleth,F,25
Alphonsine,F,25
Ange,F,25
Anne-Françoise,F,25
Antonia,F,25
Aurélie,F,25
Colombe,F,25
Guilaine,F,25
Léontine,F,25
Maryline,F,25
Anik,F,24
Aude,F,24
Lucia,F,24
Manuela,F,24
Paquerette,F,24
Vivienne,F,24
Hortense,F,23
Judith,F,23
Juliane,F,23
Lorette,F,23
Malika,F,23
Monette,F,23
Myrianne,F,23
Sarah,F,23
Stella,F,23
Victorine,F,23
Agathe,F,22
Lolita,F,22
Marie-Aimée,F,22
Marie-Angèle,F,22
Marie-Daniele,F,22
Marie-Danielle,F,22
Suzel,F,22
Clairette,F,21
Constance,F,21
Corine,F,21
Denyse,F,21
Diana,F,21
Jannine,F,21
Mariane,F,21
Stanislawa,F,21
Sylvine,F,21
Victoria,F,21
Anic,F,20
Honorine,F,20
Josie,F,20
Leonne,F,20
Marie-Elise,F,20
Marlise,F,20
Myriane,F,20
Nancy,F,20
Nicaise,F,20
Romaine,F,20
Suzelle,F,20
Annie-Marie,F,19
Conchita,F,19
Elisa,F,19
Eulalie,F,19
Janette,F,19
Jeanny,F,19
Leocadie,F,19
Louisiane,F,19
Marie-Geneviève,F,19
Marion,F,19
Moisette,F,19
Nady,F,19
Renelle,F,19
Rose-May,F,19
Réjane,F,19
Severine,F,19
Ursule,F,19
Zora,F,19
Anastasie,F,18
Angelina,F,18
Anicette,F,18
Barbara,F,18
Berangere,F,18
Felicienne,F,18
Flore,F,18
Helena,F,18
Juanita,F,18
Marie-Colette,F,18
Marie-Gabrielle,F,18
Odille,F,18
Paquita,F,18
Regina,F,18
Felicite,F,17
Gervaise,F,17
Gilette,F,17
Noela,F,17
Patrice,F,17
Toussainte,F,17
Annonciade,F,16
Dora,F,16
Elyette,F,16
Huberte,F,16
Lyne,F,16
Marianick,F,16
Marie-Aline,F,16
Marie-Blanche,F,16
Marie-Josée,F,16
Marine,F,16
Noeline,F,16
Pierre,F,16
Vincente,F,16
Yanick,F,16
Bleuette,F,15
Edithe,F,15
Emilia,F,15
Franciane,F,15
Georgina,F,15
Gerty,F,15
Giselaine,F,15
Gismonde,F,15
Lidia,F,15
Linda,F,15
Lionelle,F,15
Marie-Alice,F,15
Marie-Edith,F,15
Myrtille,F,15
Noelie,F,15
Angelique,F,14
Benoite,F,14
Celestine,F,14
Damienne,F,14
Dina,F,14
Gislene,F,14
Guylene,F,14
Herveline,F,14
Ignace,F,14
Ingrid,F,14
Irenee,F,14
Jannie,F,14
Luciane,F,14
Mady,F,14
Maggy,F,14
Margareth,F,14
Margot,F,14
Marie-Annie,F,14
Marie-Noël,F,14
Marleine,F,14
Mary-Claude,F,14
Mauricia,F,14
Pilar,F,14
Raphaelle,F,14
Rina,F,14
Rosane,F,14
Sadia,F,14
Yvelyne,F,14
Adelaide,F,13
Armandine,F,13
Arsene,F,13
Baptistine,F,13
Dolly,F,13
Esperance,F,13
Fatma,F,13
Gina,F,13
Graziella,F,13
Heliette,F,13
Hermine,F,13
Josepha,F,13
Lauriane,F,13
Lola,F,13
Lyse,F,13
Marie-Brigitte,F,13
Marie-Claudine,F,13
Marie-Suzanne,F,13
Maurice,F,13
Mimose,F,13
Nadyne,F,13
Octavie,F,13
Rufine,F,13
Ruth,F,13
Yvane,F,13
Éliane,F,13
Alexandra,F,12
Alyette,F,12
Ambroisine,F,12
Berengere,F,12
Bénédicte,F,12
Chantalle,F,12
Clothilde,F,12
Diane,F,12
Donatienne,F,12
Etienne,F,12
Felicia,F,12
Gaelle,F,12
George,F,12
Georgine,F,12
Gratienne,F,12
Grégoire,F,12
Hedwige,F,12
Lysianne,F,12
Marie-Pascale,F,12
Marie-Solange,F,12
Marivonne,F,12
Marize,F,12
Martha,F,12
Noemie,F,12
Olivia,F,12
Sidonie,F,12
Violaine,F,12
Vivette,F,12
Christel,F,11
Clara,F,11
Collette,F,11
Doriane,F,11
Dorothy,F,11
Flavie,F,11
Francelise,F,11
Helyette,F,11
Iris,F,11
Josceline,F,11
Marie-Josephine,F,11
Marie-Line,F,11
Marie-Michèle,F,11
Maryelle,F,11
Marylène,F,11
Maude,F,11
Maximilienne,F,11
Miren,F,11
Nella,F,11
Nellie,F,11
Nicolette,F,11
Nita,F,11
Rosiane,F,11
Stanislas,F,11
Tania,F,11
Anicet,F,10
Arielle,F,10
Eloise,F,10
Erna,F,10
Florentine,F,10
Francelyne,F,10
Francia,F,10
Gabriele,F,10
Gerardine,F,10
Innocente,F,10
Leonide,F,10
Lise-Marie,F,10
Lucianne,F,10
Léna,F,10
Marie-Béatrice,F,10
Marie-Caroline,F,10
Marie-Denise,F,10
Marie-Jacqueline,F,10
Marie-Jane,F,10
Marilys,F,10
Marjolaine,F,10
Mary-France,F,10
Mary-José,F,10
Mylène,F,10
Odyle,F,10
Prisca,F,10
Scholastique,F,10
Tamara,F,10
Tatiana,F,10
Toussine,F,10
Vincent,F,10
Yvonnette,F,10
Évelyne,F,10
Albine,F,9
Anasthasie,F,9
Anette,F,9
Anne-Mary,F,9
Anneliese,F,9
Annyck,F,9
Antonine,F,9
Armele,F,9
Bibiane,F,9
Bruna,F,9
Camélia,F,9
Christa,F,9
Christèle,F,9
Dorette,F,9
Elsa,F,9
Farida,F,9
Floriane,F,9
Frieda,F,9
Félix,F,9
Georges,F,9
Gishlaine,F,9
Imelda,F,9
Irena,F,9
Jeaninne,F,9
Jeromine,F,9
Joséphine,F,9
Karine,F,9
Laurianne,F,9
Lilia,F,9
Maitena,F,9
Manuella,F,9
Manuelle,F,9
Marie-Annette,F,9
Marie-Bernard,F,9
Marie-Eve,F,9
Marie-Flore,F,9
Marie-Georges,F,9
Marie-Josiane,F,9
Olive,F,9
Orietta,F,9
Robertine,F,9
Rozenn,F,9
Ruffine,F,9
Thomas,F,9
Yolene,F,9
Yvonnick,F,9
Albane,F,8
Annaick,F,8
Annelise,F,8
Augustina,F,8
Benjamine,F,8
Bernadine,F,8
Christelle,F,8
Djamila,F,8
Eudoxie,F,8
Eustache,F,8
Evelyn,F,8
François,F,8
Gitane,F,8
Helyett,F,8
Héloïse,F,8
Jasmine,F,8
Joscelyne,F,8
Leila,F,8
Leona,F,8
Lilly,F,8
Lisa,F,8
Lucrece,F,8
Manolita,F,8
Marie-Céline,F,8
Marie-Eliane,F,8
Marie-Germaine,F,8
Marie-Magdeleine,F,8
Marie-Marthe,F,8
Marie-Michelle,F,8
Marie-Monique,F,8
Marie-Nicole,F,8
Marie-Pierrette,F,8
Marie-Sylvie,F,8
Marilyne,F,8
Marlaine,F,8
Mathias,F,8
Maurille,F,8
Medard,F,8
Miryam,F,8
Modeste,F,8
Nadeige,F,8
Nora,F,8
Pascal,F,8
Paula,F,8
Petronille,F,8
Raphaele,F,8
Reinette,F,8
Sara,F,8
Scholastie,F,8
Silvie,F,8
Soline,F,8
Thereze,F,8
Vera,F,8
Violetta,F,8
Yasmina,F,8
Zina,F,8
Alexandre,F,7
Angela,F,7
Anne-Thérèse,F,7
Anselme,F,7
Axelle,F,7
Barbe,F,7
Blaise,F,7
Brune,F,7
Conception,F,7
Cornelie,F,7
Cristiane,F,7
Cyprienne,F,7
Cyrille,F,7
Dannie,F,7
Ellen,F,7
Emmy,F,7
Erika,F,7
Eusebe,F,7
Faustine,F,7
Florine,F,7
Gilliane,F,7
Godeleine,F,7
Irmine,F,7
Ivane,F,7
Jane-Marie,F,7
Janina,F,7
Johanna,F,7
Josephte,F,7
Joële,F,7
Juliana,F,7
Leonce,F,7
Liberte,F,7
Lili,F,7
Lily,F,7
Lilyane,F,7
Lorraine,F,7
Louisanne,F,7
Marie-Carmen,F,7
Maryvette,F,7
Maryvone,F,7
Maxence,F,7
Miriam,F,7
Nadette,F,7
Nadie,F,7
Natacha,F,7
Nativite,F,7
Noellie,F,7
Olympe,F,7
Pia,F,7
Renelde,F,7
Rose-Mary,F,7
Roselys,F,7
Rosemary,F,7
Rosina,F,7
Santa,F,7
Sebastienne,F,7
Seraphine,F,7
Soizic,F,7
Stéphane,F,7
Theresa,F,7
Zoé,F,7
Anique,F,6
Anna-Marie,F,6
Annique,F,6
Athanase,F,6
Aurora,F,6
Barthelemy,F,6
Bertille,F,6
Brunette,F,6
Carmene,F,6
Chrystiane,F,6
Dania,F,6
Eglantine,F,6
Elda,F,6
Elvira,F,6
Ena,F,6
Epiphanie,F,6
Firmine,F,6
Florette,F,6
Francisca,F,6
Francise,F,6
Ghislene,F,6
Giselene,F,6
Gloria,F,6
Gracie,F,6
Guenola,F,6
Gwenola,F,6
Géraldine,F,6
Heliane,F,6
Hilaire,F,6
Hortensia,F,6
Hubert,F,6
Iliane,F,6
Incarnation,F,6
Janik,F,6
Joan,F,6
Joselle,F,6
Josyanne,F,6
Juana,F,6
Leonard,F,6
Lida,F,6
Liselotte,F,6
Lucille,F,6
Maddy,F,6
Madiana,F,6
Magaly,F,6
Manon,F,6
Marcella,F,6
Marie-Alix,F,6
Marie-Aude,F,6
Marie-Francine,F,6
Marie-Marguerite,F,6
Marie-Therese,F,6
Mariele,F,6
Marika,F,6
Marthine,F,6
Mary-Christine,F,6
Maryleine,F,6
May,F,6
Maylis,F,6
Mery,F,6
Michel,F,6
Michele,F,6
Mirella,F,6
Mirette,F,6
Miriame,F,6
Mirianne,F,6
Mona,F,6
Nadiege,F,6
Nadya,F,6
Nadège,F,6
Nelie,F,6
Nicolas,F,6
Ninon,F,6
Noelise,F,6
Noëlla,F,6
Palmyre,F,6
Parfaite,F,6
Paul,F,6
Pepita,F,6
Perrine,F,6
Pulcherie,F,6
Rejeanne,F,6
Rosanne,F,6
Rosemarie,F,6
Rosy,F,6
Roxane,F,6
Sabas,F,6
Serge,F,6
Shirley,F,6
Sibylle,F,6
Silvette,F,6
Sosthene,F,6
Theresia,F,6
Thomassine,F,6
Thérèse-Marie,F,6
Vanda,F,6
Zelia,F,6
Zelie,F,6
Zenia,F,6
Adolphine,F,5
Aida,F,5
Alberta,F,5
Alida,F,5
Alina,F,5
Alliette,F,5
Alma,F,5
Alodie,F,5
Anaïs,F,5
André,F,5
Annie-Françoise,F,5
Antoinise,F,5
Arlene,F,5
Barberine,F,5
Bella,F,5
Boniface,F,5
Caroll,F,5
Celiane,F,5
Charlesia,F,5
Charlyne,F,5
Christina,F,5
Claudiane,F,5
Cyriaque,F,5
Cécilia,F,5
Dominica,F,5
Dorine,F,5
Edouard,F,5
Elfriede,F,5
Elia,F,5
Elina,F,5
Elisette,F,5
Estella,F,5
France-Lise,F,5
Frances,F,5
Geralde,F,5
Gracy,F,5
Guilene,F,5
Henri,F,5
Hilda,F,5
Janyne,F,5
Jeany,F,5
Jehanne,F,5
Jerome,F,5
Jessie,F,5
Joyce,F,5
Kathleen,F,5
Lazare,F,5
Lilian,F,5
Lisbeth,F,5
Lisianne,F,5
Loretta,F,5
Lylianne,F,5
Lynda,F,5
Magdalena,F,5
Margueritte,F,5
Marianna,F,5
Marie-Alberte,F,5
Marie-Armelle,F,5
Marie-Berthe,F,5
Marie-Claudette,F,5
Marie-Evelyne,F,5
Marie-Lucie,F,5
Marie-Léone,F,5
Marie-Paulette,F,5
Mariel,F,5
Mariella,F,5
Marilyse,F,5
Maryanne,F,5
Marylaine,F,5
Marysette,F,5
Mina,F,5
Mirentchu,F,5
Miriane,F,5
Moise,F,5
Monica,F,5
Narcisse,F,5
Noële,F,5
Radegonde,F,5
Richard,F,5
Rose-Line,F,5
Sandrine,F,5
Teresa,F,5
Theodora,F,5
Theodore,F,5
Theonie,F,5
Trinite,F,5
Yannik,F,5
Yvanne,F,5
Zacharie,F,5
Zaina,F,5
Abel,F,4
Abelle,F,4
Alba,F,4
Alexia,F,4
Alexina,F,4
Alexis,F,4
Alphonse,F,4
Anaick,F,4
Ange-Marie,F,4
Angelica,F,4
Anite,F,4
Anne-Claude,F,4
Anne-Dominique,F,4
Anne-Elisabeth,F,4
Anne-Rose,F,4
Anne-Yvonne,F,4
Anni,F,4
Annoncia,F,4
Annyvonne,F,4
Antoine,F,4
Araceli,F,4
Aristide,F,4
Armanda,F,4
Armide,F,4
Armonia,F,4
Aubin,F,4
Azucena,F,4
Baya,F,4
Benoît,F,4
Bernardine,F,4
Bertile,F,4
Bronislawa,F,4
Camilla,F,4
Carmel,F,4
Carmelle,F,4
Cathy,F,4
Celeste,F,4
Celina,F,4
Charlise,F,4
Cherifa,F,4
Christian,F,4
Christophe,F,4
Cladie,F,4
Claude-Marie,F,4
Clelie,F,4
Dalia,F,4
Daniella,F,4
Danuta,F,4
Delia,F,4
Delice,F,4
Dolorès,F,4
Edda,F,4
Elvyre,F,4
Emmanuele,F,4
Etiennise,F,4
Euloge,F,4
Fany,F,4
Faustin,F,4
Flavienne,F,4
Florida,F,4
France-Marie,F,4
Francianne,F,4
Françoise-Marie,F,4
Freda,F,4
Gatienne,F,4
Gilbert,F,4
Gilles,F,4
Giovanna,F,4
Godelaine,F,4
Guy,F,4
Gérard,F,4
Halina,F,4
Hyacinthe,F,4
Ismene,F,4
Ivelyne,F,4
Jacotte,F,4
Jamila,F,4
Jeanie,F,4
Jeannik,F,4
Joanna,F,4
Josefa,F,4
Josée,F,4
Julianne,F,4
Justina,F,4
Karin,F,4
Katy,F,4
Laurent,F,4
Liane,F,4
Lidie,F,4
Livia,F,4
Loetitia,F,4
Louise-Marie,F,4
Luc,F,4
Ludmila,F,4
Luisa,F,4
Magalie,F,4
Magda,F,4
Mailys,F,4
Malvina,F,4
Marcienne,F,4
Margarette,F,4
Marie-Benedicte,F,4
Marie-Francoise,F,4
Marie-George,F,4
Marie-Juliette,F,4
Marie-Lucienne,F,4
Marie-Lyse,F,4
Marie-Micheline,F,4
Marie-Noële,F,4
Marie-Paul,F,4
Marie-Véronique,F,4
Maritchu,F,4
Marjorie,F,4
Martial,F,4
Martiale,F,4
Maryanick,F,4
Marylis,F,4
Mathieu,F,4
Mesmin,F,4
Michèlle,F,4
Mildred,F,4
Miranda,F,4
Nazaire,F,4
Nestor,F,4
Norma,F,4
Olivienne,F,4
Palma,F,4
Paola,F,4
Pervenche,F,4
Philippe,F,4
Placide,F,4
Renelise,F,4
Rose-France,F,4
Rose-Lys,F,4
Rosie,F,4
Sigrid,F,4
Silvia,F,4
Sophia,F,4
Sultana,F,4
Sybille,F,4
Sylva,F,4
Sylvain,F,4
Sylvanie,F,4
Theodose,F,4
Timoleon,F,4
Valere,F,4
Venise,F,4
Veronica,F,4
Xaviere,F,4
Yannic,F,4
Yollande,F,4
Zenaide,F,4
Élisabeth,F,4
Ada,F,3
Agnies,F,3
Alexine,F,3
Amalia,F,3
Amande,F,3
Amaya,F,3
Anatole,F,3
Anatoline,F,3
Angelita,F,3
Aniela,F,3
Aniele,F,3
Anielle,F,3
Ann,F,3
Annaik,F,3
Anne-France,F,3
Anne-Lise,F,3
Annie-Claire,F,3
Annie-Paule,F,3
Annielle,F,3
Anny-France,F,3
Argentine,F,3
Ariel,F,3
Ariele,F,3
Ascension,F,3
Aubierge,F,3
Aurélien,F,3
Aïcha,F,3
Benita,F,3
Bertrande,F,3
Beryl,F,3
Bienvenue,F,3
Bluette,F,3
Bruno,F,3
Bérangère,F,3
Bérengère,F,3
Carmelite,F,3
Carmencita,F,3
Casimir,F,3
Casimire,F,3
Catheline,F,3
Causette,F,3
Cesarine,F,3
Chantal-Marie,F,3
Claire-Marie,F,3
Clodie,F,3
Come,F,3
Consuelo,F,3
Célia,F,3
Dahlia,F,3
Daniel,F,3
Daniela,F,3
Daniéle,F,3
Daphné,F,3
Daria,F,3
Deanna,F,3
Delly,F,3
Donate,F,3
Désirée,F,3
Edouarline,F,3
Edouarlise,F,3
Eline,F,3
Elmire,F,3
Elodie,F,3
Elsie,F,3
Eléonore,F,3
Emmanuella,F,3
Erica,F,3
Etienna,F,3
Euphrasie,F,3
Evangeline,F,3
Expedite,F,3
Feliciane,F,3
Francesa,F,3
Frederica,F,3
Frédéric,F,3
Gemma,F,3
Genia,F,3
Geoffroy,F,3
Georgiane,F,3
Georgie,F,3
Germina,F,3
Giliane,F,3
Gracia,F,3
Gracianne,F,3
Gratiane,F,3
Gratianne,F,3
Gualberte,F,3
Guilhaine,F,3
Guilhene,F,3
Guillaume,F,3
Gustave,F,3
Guyslaine,F,3
Helen,F,3
Henria,F,3
Henrianne,F,3
Henrie,F,3
Henrietta,F,3
Hermance,F,3
Herminie,F,3
Hildegarde,F,3
Honore,F,3
Hugues,F,3
Idelette,F,3
Ilda,F,3
Iveline,F,3
Ivette,F,3
Jamina,F,3
Jeanette,F,3
Jeanick,F,3
Jeanne-Françoise,F,3
Johanne,F,3
Jonas,F,3
Joselita,F,3
Joël,F,3
Lambert,F,3
Laurentine,F,3
Leonore,F,3
Leslie,F,3
Libertad,F,3
Lila,F,3
Lilas,F,3
Lilette,F,3
Lilie,F,3
Lilli,F,3
Lin,F,3
Lionele,F,3
Louisane,F,3
Louisianne,F,3
Léo,F,3
Magloire,F,3
Magui,F,3
Maguie,F,3
Malica,F,3
Manoelle,F,3
Marc,F,3
Marialine,F,3
Marialys,F,3
Mariam,F,3
Marie-Aleth,F,3
Marie-Anna,F,3
Marie-Chantale,F,3
Marie-Charlotte,F,3
Marie-Claudie,F,3
Marie-Emilienne,F,3
Marie-Emmanuelle,F,3
Marie-Fernande,F,3
Marie-Georgette,F,3
Marie-Ginette,F,3
Marie-Gisèle,F,3
Marie-Irène,F,3
Marie-Isabelle,F,3
Marie-Jeannine,F,3
Marie-Josie,F,3
Marie-Liesse,F,3
Marie-Lucile,F,3
Marie-Lys,F,3
Marie-Neige,F,3
Marie-Nelly,F,3
Marie-Noelle,F,3
Marie-Pauline,F,3
Marie-Simone,F,3
Marie-Sophie,F,3
Mariline,F,3
Marius,F,3
Maroussia,F,3
Marta,F,3
Martina,F,3
Mary-Hélène,F,3
Mary-Jane,F,3
Mary-Lise,F,3
Maryane,F,3
Mathea,F,3
Mathurine,F,3
Maureen,F,3
Maximin,F,3
Monika,F,3
Myriem,F,3
Myrose,F,3
Myrta,F,3
Natalie,F,3
Nicomede,F,3
Ninetta,F,3
Ninette,F,3
Noelline,F,3
Noelly,F,3
Norbert,F,3
Noyale,F,3
Nuria,F,3
Odilia,F,3
Olivette,F,3
Palmire,F,3
Peggy,F,3
Philiberte,F,3
Pierrine,F,3
Prosper,F,3
Rabia,F,3
Rachele,F,3
Rachida,F,3
Ramona,F,3
Raphaella,F,3
Raphaële,F,3
Raymond,F,3
Remise,F,3
Renelia,F,3
Richarde,F,3
Roger,F,3
Rogere,F,3
Rosalia,F,3
Rose-Anne,F,3
Rose-Mery,F,3
Rose-Noëlle,F,3
Rosyne,F,3
Rémy,F,3
Saida,F,3
Sainte,F,3
Salomé,F,3
Sandra,F,3
Saturnin,F,3
Saturnine,F,3
Scarlett,F,3
Scarlette,F,3
Sergette,F,3
Servais,F,3
Stanise,F,3
Susan,F,3
Suzane,F,3
Suzele,F,3
Suzon,F,3
Sylvestre,F,3
Thais,F,3
Thi,F,3
Tiburce,F,3
Venance,F,3
Violeta,F,3
Wenceslas,F,3
Wilfrid,F,3
Yamile,F,3
Yane,F,3
Yannie,F,3
Yvonna,F,3
Zara,F,3
